StartDate,EndDate,Status,IPAddress,Progress,Duration (in seconds),Finished,RecordedDate,ResponseId,RecipientLastName,RecipientFirstName,RecipientEmail,ExternalReference,LocationLatitude,LocationLongitude,DistributionChannel,UserLanguage,Consent,mTurkID,age,age_1_TEXT,sex,ethnic,educ,income,politic,Q38_First Click,Q38_Last Click,Q38_Page Submit,Q38_Click Count,Q36_First Click,Q36_Last Click,Q36_Page Submit,Q36_Click Count,Article01,Article02,Article03,Article04,Article05,Article06,Article07,Article08,Article09,Article10,Article11,Article12,Article13,Article14,Article15,Article16,Article17,Article18,Article19,Article20,Q44,mTurkCor,comment,Condition,mTurkCor - Topics
Start Date,End Date,Response Type,IP Address,Progress,Duration (in seconds),Finished,Recorded Date,Response ID,Recipient Last Name,Recipient First Name,Recipient Email,External Data Reference,Location Latitude,Location Longitude,Distribution Channel,User Language,"This study examines fake news. Articles that entirely fabricate information, disseminate deceptive content, or
grossly distort actual news reports are considered fake news. Fake news is hard to spot. 


We are studying several training methods that are supposed
to make people better at spotting fake news. If you participate in this study,
you may be exposed to one of these training methods. We’d like you to pay
attention to the training. Evaluating the effectiveness of the training is the
whole point of the study!

You’ll also be asked some basic demographic information like
gender, ethnic background, political leaning, age and a few others. You do not
have to answer these if you don’t want to. We ask these questions in case they
have an impact on results. If they do, we can account for their effect and not
let them distract from our ability to evaluate the training.


After you take the training, you’ll then perform a test
where you will classify 20 articles into one of five categories. You will get 10 cents for each article categorized incorrectly and 50 cents for each article
classified correctly, which means you can get up to $10 for classifying all articles
correctly. Most people will earn around $6. We think this will take about 30-45 minutes to complete. 


Your participation is voluntary. You can withdraw at any
time, although this may affect your opportunity to earn money. The articles you are asked to classify will sometimes be about topics that are controversial. Topics covered include abortion, vaccines, politics, religion, and censorship on the internet. Risks associated with this study are about the same as if you were to see a controversial article in your social media feed that you may not agree with. If you have any questions regarding this study before you start,
you may contact Dr James Kajdasz at james.kajdasz@berkeley.edu.",Please enter your Amazon Mechanical Turk Worker ID. You can find this in your mTurk Dashboard or the upper left hand corner of your mTurk worker website. We'll use this information to match your survey answers to your mTurk account so you can be rewarded the appropriate amount.,How old are you? - Selected Choice,How old are you? - Enter age in years - Text,What is your gender?,What is your ethnicity?,"What
is the highest level of education you have completed?",What is your approximate average household income?,How would you prefer your political affiliation?,Timing - First Click,Timing - Last Click,Timing - Page Submit,Timing - Click Count,Timing - First Click,Timing - Last Click,Timing - Page Submit,Timing - Click Count,Article01,Article02,Article03,Article04,Article05,Article06,Article07,Article08,Article09,Article10,Article11,Article12,Article13,Article14,Article15,Article16,Article17,Article18,Article19,"____________________________________________________________________________________Facebook Lifts Ban on Paid Ads for Pro-Life Film Produced by MLK's Niece After Appeal
Website: christianpost.com  
URL: https://www.christianpost.com/news/facebook-bans-paid-ads-pro-life-film-produced-by-mlk-niece-214143/ 
Author: Samuel Smith
UPDATE 11:40 a.m. ET Jan. 18: Facebook said Thursday that it has lifted its ban on paid ads for a fundraising effort connected to Alveda King's upcoming documentary that highlights the ""real untold story"" of abortion in the United States and the history of eugenics associated with Planned Parenthood.In an emailed statement to The Christian Post, Facebook said the pro-life ad was originally disapproved in error and was correctly approved upon appeal. At this time, all ads connected to the ""Roe v. Wade"" movie page are running.Facebook also said that abilities of all the administrators for the page will be fully restored after being temporarily blocked for so-called ""spam behavior.""
Original report:Martin Luther King Jr.'s niece is speaking out against Facebook's decision to ban paid ads for a fundraising effort connected to her upcoming documentary that highlights the ""real untold story"" of abortion in the United States and the history of eugenics associated with Planned Parenthood.
Alveda King, a prominent Christian conservative and pro-life activist who serves as director of civil rights for the unborn at Priests for Life, spoke with Family Research Council's Tony Perkins during a special National Religious Freedom Day broadcast of his radio show on Tuesday and explained that Facebook pulled down paid ads and is blocking shares for her upcoming film, ""Roe v, Wade.""
Named after the 1973 U.S. Supreme Court decision that legalized elective abortions, the documentary stars Hollywood actor Jon Voight and is said to be the first movie ever to expose ""the real untold story of how people lied; how the media lied; and how the courts were manipulated to pass a law that has since killed over 60 million Americans.""
Expand | Collapse (Photo: Reuters/Mary F. Calvert) Alveda King, founder of Alveda King Ministries, speaks during an ""I Have a Dream"" Gospel brunch at the Willard InterContinental Hotel in Washington, D.C., on August 25, 2013.
""There is a new movie coming out — 'Roe v. Wade.' I am one of the executive producers. Facebook has pulled down our ads, the paid ads and any mention of the non-paid ads,"" King said while addressing the topic of religious freedom. ""They do not want the message of the injustice of abortion broadcast and they are trying to block that.""
King is referring to Facebook's blocking of ads promoting the movie's Indiegogo crowdfunding account. Thus far, the movie has raised just under $44,000 out of its stated goal of $2 million.
""That is another violation of religious freedom. It's very discriminatory,"" she continued. ""So, when we are denied the opportunity and the right to proclaim the Gospel freely in this nation that was founded upon ... that right, it's a terrible injustice. My uncle did say injustice anywhere is a threat to justice everywhere. I know we can all agree. It's wrong to take the life of a baby in the womb. It's wrong to silence those voices of people who want to proclaim our faith and all of those aren't just civil rights injustices, but they are an injustice against God's will.""
According to an update on the crowdfunding page, ""Facebook has banned us from inviting friends to 'Like' our page and from 'Sharing' our PAID ads.""The Christian Post has reached out to Facebook for comment on the situation. A response is pending.""It is outrageous that Facebook purports to be apolitical when there have been trends of blocking pages of conservative causes, such as our 'Roe v. Wade' movie page,"" fellow executive producer Jalesia McQueen told Breitbart in a statement.
The news comes as Facebook is frequently criticized for having bias against and censoring conservative Christians.Earlier this month, Facebook unpublished the popular Facebook page of Warriors for Christ ministry, which had over 225,000 followers and spoke critically of things like homosexuality, transgenderism and abortion. Facebook told The Christian Post that the page was removed because it violated its policies on hate speech and bullying.
Additionally, Facebook refused to take action this week after popular Christian mommy blogger Elizabeth Johnston, best known as ""The Activist Mommy,"" voiced concern with a Facebook group that was titled ""I will find Activist Mommy and burn whoever runs it alive.""Officials of the social media giant ruled that the group did not violate Facebook community standards because it was determined that the group was ""satirical.""
""With 2 billion users, it can be argued that Facebook has become a public utility and thus cannot discriminate against users based upon their political or religious views,"" Johnston told CP on Tuesday. ""Conservative users who don't tow the liberal line on issues like Islam, abortion, and homosexuality are repeatedly banned and silenced in an Orwellian manner for expressing their valid concerns, thus causing conservatives to cry out for an alternative platform that welcomes the free exchange of ideas.""",Earlier you told us that your mTurk worker ID is [QID41-ChoiceTextEntryValue].  Is this correct?,What is your correct mTurk Worker ID?,"You're done! Thank you for your attention! Is there anything you'd like to tell the researchers, or any questions you'd like to have answered? If you want a reply, enter an e-mail address.
 

Your mTurk Completion Code is:    Gravey
You will receive $2 once you complete the survey. You will receive an additional bonus which will depend on your performance in the task.",Condition,mTurkCor - Topics
"{""ImportId"":""startDate"",""timeZone"":""America/Los_Angeles""}","{""ImportId"":""endDate"",""timeZone"":""America/Los_Angeles""}","{""ImportId"":""status""}","{""ImportId"":""ipAddress""}","{""ImportId"":""progress""}","{""ImportId"":""duration""}","{""ImportId"":""finished""}","{""ImportId"":""recordedDate"",""timeZone"":""America/Los_Angeles""}","{""ImportId"":""_recordId""}","{""ImportId"":""recipientLastName""}","{""ImportId"":""recipientFirstName""}","{""ImportId"":""recipientEmail""}","{""ImportId"":""externalDataReference""}","{""ImportId"":""locationLatitude""}","{""ImportId"":""locationLongitude""}","{""ImportId"":""distributionChannel""}","{""ImportId"":""userLanguage""}","{""ImportId"":""QID1""}","{""ImportId"":""QID41_TEXT""}","{""ImportId"":""QID2""}","{""ImportId"":""QID2_1_TEXT""}","{""ImportId"":""QID3""}","{""ImportId"":""QID4""}","{""ImportId"":""QID5""}","{""ImportId"":""QID6""}","{""ImportId"":""QID7""}","{""ImportId"":""QID38_FIRST_CLICK""}","{""ImportId"":""QID38_LAST_CLICK""}","{""ImportId"":""QID38_PAGE_SUBMIT""}","{""ImportId"":""QID38_CLICK_COUNT""}","{""ImportId"":""QID36_FIRST_CLICK""}","{""ImportId"":""QID36_LAST_CLICK""}","{""ImportId"":""QID36_PAGE_SUBMIT""}","{""ImportId"":""QID36_CLICK_COUNT""}","{""ImportId"":""QID9""}","{""ImportId"":""QID12""}","{""ImportId"":""QID14""}","{""ImportId"":""QID15""}","{""ImportId"":""QID16""}","{""ImportId"":""QID17""}","{""ImportId"":""QID18""}","{""ImportId"":""QID19""}","{""ImportId"":""QID20""}","{""ImportId"":""QID21""}","{""ImportId"":""QID22""}","{""ImportId"":""QID23""}","{""ImportId"":""QID24""}","{""ImportId"":""QID25""}","{""ImportId"":""QID26""}","{""ImportId"":""QID27""}","{""ImportId"":""QID28""}","{""ImportId"":""QID29""}","{""ImportId"":""QID30""}","{""ImportId"":""QID68""}","{""ImportId"":""QID44""}","{""ImportId"":""QID45_TEXT""}","{""ImportId"":""QID46_TEXT""}","{""ImportId"":""Condition""}","{""ImportId"":""QID45_TEXT_0864ea6afbf74595907b67a9Topics""}"
7/20/2019 10:56,7/20/2019 11:08,0,98.163.31.97,100,749,1,7/20/2019 11:08,R_2Vt1cwJIEo2wNfN,,,,,37.30290222,-79.93219757,anonymous,EN,1,A2BW6WD7LZ9EGV,1,29,1,5,6,1,5,2.31,429.967,430.297,3,,,,,2,3,2,3,2,2,4,2,1,1,1,2,3,4,4,4,2,3,3,3,1,,,T1,
7/20/2019 10:57,7/20/2019 11:14,0,184.89.129.208,100,1038,1,7/20/2019 11:14,R_8uLuKXS94L6wrRv,,,,,28.49859619,-81.53530121,anonymous,EN,1,AXMPSUNKUBEIL,1,37,1,5,6,2,4,,,,,,,,,2,3,2,2,4,2,2,3,1,1,1,4,4,4,4,3,3,5,4,5,1,,,C,
7/20/2019 11:06,7/20/2019 11:27,0,98.153.62.110,100,1256,1,7/20/2019 11:27,R_1M5MvbJA8NKVF4a,,,,,37.75100708,-97.8219986,anonymous,EN,1,A2JP8W265WCC35,1,49,2,5,6,2,5,21.973,21.973,225.345,1,,,,,1,2,2,2,4,2,2,2,1,1,1,3,2,4,1,4,3,5,5,4,1,,,T1,
7/20/2019 11:15,7/20/2019 11:35,0,174.26.226.149,100,1209,1,7/20/2019 11:35,R_2agILTqLpCq7iom,,,,,33.25050354,-111.8581009,anonymous,EN,1,A207IHY6GERCFO,1,36,1,5,7,1,1,,,,,,,,,2,4,3,3,3,3,3,2,1,1,1,4,4,4,3,3,5,4,5,4,1,,n,C,
7/20/2019 11:00,7/20/2019 11:46,0,73.236.40.189,100,2767,1,7/20/2019 11:46,R_QmjHV6W5Js2qP8l,,,,,41.02409363,-80.34539795,anonymous,EN,1,A1V2H0UF94ATWY,1,59,1,5,6,2,4,,,,,,,,,5,3,2,2,4,2,2,2,1,1,1,3,3,5,3,3,4,5,4,3,1,,,C,
7/20/2019 11:27,7/20/2019 11:47,0,76.185.183.214,100,1243,1,7/20/2019 11:47,R_20OJHpQo6p4QggH,,,,,29.39590454,-98.47609711,anonymous,EN,1,A3RYI5HXC2MJLN,1,38,1,4,6,1,4,,,,,,,,,5,4,4,5,5,5,2,3,1,1,1,3,5,3,4,4,5,5,4,2,1,,FAKERS,C,
7/20/2019 12:14,7/20/2019 12:30,0,24.13.174.184,100,978,1,7/20/2019 12:30,R_3LbApG7lNPNH095,,,,,41.89199829,-87.64160156,anonymous,EN,1,APGX2WZ59OWDN,1,25,2,5,7,2,5,95.163,202.784,203.612,7,,,,,3,4,3,2,3,2,2,2,1,1,1,4,4,5,3,3,3,5,5,4,1,,,T1,
7/20/2019 11:46,7/20/2019 12:33,0,24.98.50.114,100,2765,1,7/20/2019 12:33,R_2VR89KPnNW9SzTT,,,,,33.25489807,-84.27279663,anonymous,EN,1,A19CB2C4GY4C60,1,31,1,3,6,2,2,,,,,,,,,4,3,2,4,4,2,3,2,1,1,1,5,4,3,3,3,4,5,5,4,1,,,C,
7/20/2019 12:15,7/20/2019 12:33,0,147.92.105.112,100,1066,1,7/20/2019 12:33,R_T4PsF7xiU3kiawF,,,,,42.21960449,-83.604599,anonymous,EN,1,A36SM7QM8OK3H6,1,32,2,5,7,2,5,,,,,,,,,3,3,2,2,3,2,2,2,1,1,1,4,4,4,5,4,4,5,4,4,1,,,C,
7/20/2019 12:15,7/20/2019 12:33,0,73.106.32.104,100,1122,1,7/20/2019 12:33,R_1jZJWXlU6qFXika,,,,,33.76570129,-84.29509735,anonymous,EN,1,A3U6IA3JUSFZ2M,1,37,2,5,7,2,5,2.586,7.274,644.51,2,,,,,5,3,3,3,2,2,2,2,1,5,1,3,3,3,3,3,3,3,4,2,1,,,T1,
7/20/2019 12:15,7/20/2019 12:34,0,216.110.214.42,100,1161,1,7/20/2019 12:34,R_z8R80E1EoagMM9P,,,,,44.84809875,-123.1878967,anonymous,EN,1,A320QA9HJFUOZO,1,32,1,5,7,3,4,,,,,0,0,208.859,0,3,3,3,3,4,2,3,2,1,1,1,4,4,3,3,4,4,5,4,4,1,,"I felt that the categories were a bit broad and had some subjectivity to them. The degree to which something is ""political"" or ""extreme bias"" could be up to interpretation.  The same might be said for others like ""political"" or ""credible"" in some instances. ",T2,
7/20/2019 13:04,7/20/2019 13:32,0,173.31.133.140,100,1684,1,7/20/2019 13:32,R_1OZTs3X4owW2lq3,,,,,30.64830017,-88.22969818,anonymous,EN,1,ACDTQNYOT3GG8,1,40,2,5,5,3,5,,,,,0,0,211.11,0,5,2,2,2,3,2,3,2,1,1,1,4,3,2,5,2,2,2,5,3,1,,,T2,
7/20/2019 14:12,7/20/2019 14:45,0,70.114.85.198,100,2013,1,7/20/2019 14:45,R_2w138bEOICGdVY4,,,,,32.81790161,-96.63189697,anonymous,EN,1,A3N0QZ9ZKUCTCQ,1,30,1,5,7,2,2,,,,,,,,,1,2,3,3,2,2,3,3,1,5,1,4,4,3,4,4,5,5,4,4,1,,,C,
7/20/2019 14:24,7/20/2019 14:49,0,99.141.210.184,100,1472,1,7/20/2019 14:49,R_2dlJWQlXxIITpzd,,,,,41.88859558,-88.20220184,anonymous,EN,1,A2NA2OJT15COZY,1,36,1,5,5,2,2,2.754,2.754,282.039,1,,,,,2,2,2,2,4,5,3,2,5,1,1,4,4,3,3,3,3,2,2,3,1,,,T1,
7/20/2019 15:04,7/20/2019 15:23,0,72.189.106.155,100,1124,1,7/20/2019 15:23,R_24ph1Ra08fstL9M,,,,,28.48829651,-81.40609741,anonymous,EN,1,A18G2CLYSTENK,1,30,1,5,5,2,4,,,,,0,0,243.831,0,5,4,4,5,1,3,3,4,1,2,2,5,3,4,2,3,4,3,4,5,1,,,T2,
7/23/2019 18:20,7/23/2019 18:32,0,67.49.126.95,100,741,1,7/23/2019 18:32,R_1iqbrKplKlxs9Sg,,,,,34.15020752,-116.3038025,anonymous,EN,1,AA9V4NE8SOA4I,1,49,1,5,5,2,4,,,,,,,,,5,4,2,3,4,2,4,2,1,2,1,3,1,3,2,3,4,4,4,2,1,,Thank You.,C,
7/23/2019 18:18,7/23/2019 18:33,0,99.106.34.22,100,872,1,7/23/2019 18:33,R_1Lj26rQcdmK04IH,,,,,32.86849976,-97.28630066,anonymous,EN,1,A2TBXASXZIRNNW,1,31,1,5,6,4,2,10.753,10.753,374.953,1,,,,,5,4,5,5,4,2,3,2,1,5,1,3,3,3,1,3,5,1,4,3,1,,,T1,
7/23/2019 18:20,7/23/2019 18:44,0,173.239.86.95,100,1436,1,7/23/2019 18:44,R_1InPQOiYjM3JQMy,,,,,44.87759399,-117.9756012,anonymous,EN,1,A20NITCOBY4775,1,61,2,5,6,1,5,3.938,3.938,313.182,1,,,,,2,3,2,2,3,2,2,2,2,1,1,2,3,3,3,3,3,3,5,3,1,,,T1,
7/23/2019 18:35,7/23/2019 18:54,0,73.193.239.91,100,1189,1,7/23/2019 18:54,R_qxuHuU4yTYnBJxD,,,,,40.31719971,-74.43039703,anonymous,EN,1,ABMPX2Y2IRBMG,1,34,1,5,9,3,5,,,,,0,0,231.778,0,2,3,3,3,4,2,2,2,1,1,1,3,4,4,4,4,4,5,4,5,1,,,T2,
7/23/2019 18:22,7/23/2019 18:57,0,74.107.68.205,100,2080,1,7/23/2019 18:57,R_3n18xzJCIg9Lcoi,,,,,39.22590637,-76.61530304,anonymous,EN,1,A5YVMQWA2IYPF,1,42,1,5,7,3,4,,,,,,,,,5,4,1,3,2,2,3,3,5,2,2,4,3,5,3,3,5,2,5,4,1,,,C,
7/23/2019 18:27,7/23/2019 18:58,0,73.189.183.209,100,1883,1,7/23/2019 18:58,R_1BWxO7yUbVeucse,,,,,37.31770325,-121.9380035,anonymous,EN,1,A1YSYI926BBOHW,1,35,1,2,7,9,5,,,,,26.278,26.278,206.063,1,5,3,2,2,2,1,2,2,1,1,3,4,5,5,3,3,2,5,5,3,1,,,T2,
7/23/2019 18:25,7/23/2019 19:01,0,24.49.56.194,100,2160,1,7/23/2019 19:01,R_1FJIcJSBiD7wl4t,,,,,39.65730286,-77.69210052,anonymous,EN,1,A4SC8G0149GEG,1,28,1,5,6,2,4,8.456,8.456,779.093,1,,,,,2,3,2,3,3,2,2,2,1,1,1,3,3,5,4,3,3,5,5,5,1,,,T1,
7/23/2019 18:20,7/23/2019 19:03,0,73.126.19.239,100,2574,1,7/23/2019 19:03,R_UFRECVrx9buPs5j,,,,,42.75300598,-71.02700043,anonymous,EN,1,A149ROBL26JWPJ,1,29,1,5,7,2,2,,,,,142.817,209.574,210.288,2,3,3,2,2,3,2,3,2,1,5,1,4,4,4,4,3,3,5,4,3,1,,,T2,
7/23/2019 18:49,7/23/2019 19:07,0,174.126.244.111,100,1102,1,7/23/2019 19:07,R_1q9BJXjzJjQKVdh,,,,,33.48120117,-88.35540009,anonymous,EN,1,A3A8P4UR9A0DWQ,1,43,2,5,7,4,1,2.767,2.767,637.203,1,,,,,5,2,1,3,2,5,4,3,1,2,1,3,3,5,3,4,2,3,3,4,1,,,T1,
7/23/2019 18:54,7/23/2019 19:09,0,73.71.194.20,100,879,1,7/23/2019 19:09,R_w0qTKLaWVjMXgcN,,,,,37.81069946,-122.2478943,anonymous,EN,1,AOAZMLP27GD81,1,39,1,5,5,1,4,,,,,,,,,3,3,2,2,2,2,2,2,1,1,1,3,3,5,4,3,5,5,5,4,1,,,C,
7/23/2019 18:32,7/23/2019 19:12,0,172.221.159.157,100,2366,1,7/23/2019 19:12,R_2xXfi2BSh1gW0i2,,,,,38.63180542,-90.61419678,anonymous,EN,1,A3RR85PK3AV9TU,1,32,1,5,6,1,5,,,,,,,,,3,3,2,4,3,2,2,2,1,1,1,3,4,3,4,3,2,5,5,4,1,,,C,
7/23/2019 18:40,7/23/2019 19:14,0,142.196.24.96,100,2023,1,7/23/2019 19:14,R_2ZWirLJtfnCd3Od,,,,,29.13830566,-80.99559784,anonymous,EN,1,AEQ95NMC3VXQ5,1,63,2,5,6,1,5,,,,,0,0,208.024,0,2,4,2,3,2,3,2,2,1,1,3,4,2,3,3,3,2,3,5,5,1,,,T2,
7/23/2019 19:17,7/23/2019 19:23,0,68.100.174.128,100,330,1,7/23/2019 19:23,R_242aAo2Vi9IFgMA,,,,,38.7769928,-77.1894989,anonymous,EN,1,asd,2,,3,1,2,1,1,0.959,0.959,247.897,1,,,,,1,1,1,1,1,1,1,1,1,1,1,1,1,1,1,1,1,4,1,1,1,,f,T1,
7/23/2019 19:05,7/23/2019 19:29,0,184.103.129.232,100,1453,1,7/23/2019 19:29,R_3hEGxQGyLHATIJo,,,,,33.24090576,-111.7791977,anonymous,EN,1,A1KET5Z038NMWD,1,37,2,6,6,1,3,,,,,7.128,7.128,247.041,1,2,4,3,3,4,3,2,4,1,1,1,2,3,3,3,3,4,3,4,2,1,,,T2,
7/23/2019 18:21,7/23/2019 19:32,0,147.92.105.112,100,4255,1,7/23/2019 19:32,R_27jRrFSDpPxZVIL,,,,,42.21960449,-83.604599,anonymous,EN,1,A3CQDCNYJAX2X3,1,29,2,2,7,3,5,,,,,0,0,247.006,0,3,3,2,3,3,2,2,2,1,1,1,4,4,4,5,3,3,5,4,4,1,,,T2,
7/23/2019 19:16,7/23/2019 19:35,0,73.11.242.191,100,1138,1,7/23/2019 19:35,R_1nOPtUwKeOlgDn5,,,,,46.99389648,-122.7429962,anonymous,EN,1,A2PXJTMWGUE5DC,1,60,2,5,7,2,2,,,,,,,,,5,3,2,2,3,2,2,2,1,1,1,4,3,2,1,3,3,5,4,4,1,,,C,
7/23/2019 19:06,7/23/2019 19:40,0,142.129.18.134,100,2015,1,7/23/2019 19:40,R_DV8mO3v3Xxj5jAR,,,,,34.09640503,-117.9682007,anonymous,EN,1,A2SWQM5X54P1O5,1,32,2,2,6,2,3,5.534,5.534,767.378,1,,,,,2,3,2,2,4,1,2,2,1,1,1,3,3,3,3,4,3,2,4,3,1,,,T1,
7/23/2019 18:23,7/23/2019 19:45,0,50.123.186.92,100,4923,1,7/23/2019 19:45,R_OrHDNMBr0Iy7G3n,,,,,33.69880676,-78.91600037,anonymous,EN,1,AYBYMDBEBK5Z,1,44,2,5,7,4,4,,,,,,,,,3,2,3,3,3,1,2,2,1,1,3,4,2,4,5,3,3,5,5,5,1,,,C,
7/23/2019 19:19,7/23/2019 19:49,0,68.175.84.106,100,1848,1,7/23/2019 19:50,R_2EmJT6aGnvcFpMp,,,,,41.77079773,-74.59279633,anonymous,EN,1,A1F1BIPJR11LSR,1,33,3,5,6,1,4,,,,,0,0,205.314,0,5,3,2,2,4,2,2,2,1,2,1,4,3,4,3,3,3,5,3,4,1,,,T2,
7/23/2019 18:22,7/23/2019 19:52,0,69.119.124.205,100,5413,1,7/23/2019 19:52,R_1jDKx3ZM4vsQjDI,,,,,40.94509888,-74.25309753,anonymous,EN,1,A103XX92AATRSG,1,29,2,5,7,7,3,9.811,189.28,293.409,2,,,,,2,4,3,3,4,3,3,3,1,1,1,5,4,3,3,3,4,5,4,2,1,,,T1,
7/23/2019 19:53,7/23/2019 20:07,0,74.221.181.65,100,793,1,7/23/2019 20:07,R_2YncyHlC4bR0fQR,,,,,35.12120056,-85.30339813,anonymous,EN,1,A2I960JYUZ8KAV,1,27,1,5,6,1,5,,,,,6.163,6.163,204.068,1,2,2,3,2,4,2,3,2,1,1,1,3,2,5,4,3,3,3,4,2,1,,,T2,
7/23/2019 19:40,7/23/2019 20:07,0,76.125.244.14,100,1620,1,7/23/2019 20:07,R_pS55rFxa6lAlNK1,,,,,40.3052063,-79.54180145,anonymous,EN,1,A3I1W58P6SIV26,1,33,1,5,9,3,2,37.808,37.808,745.301,1,,,,,5,5,2,3,2,2,3,2,1,1,5,3,3,5,2,3,4,5,5,4,1,,,T1,
7/23/2019 19:56,7/23/2019 20:15,0,98.160.177.125,100,1133,1,7/23/2019 20:15,R_RUfSU3EtjCT01qx,,,,,36.09069824,-115.0886002,anonymous,EN,1,AQORJW4W8U9YU,1,32,1,1,7,2,4,,,,,0,0,218.106,0,5,4,1,5,4,5,3,3,1,2,3,2,5,5,3,2,4,2,4,2,1,,,T2,
7/23/2019 20:23,7/23/2019 20:49,0,112.133.237.2,100,1568,1,7/23/2019 20:49,R_UfnrDYlyH0nhvhv,,,,,10.52630615,76.21200562,anonymous,EN,1,A3RWDYQD1331VH,1,34,2,2,7,1,3,,,,,0,0,207.414,0,5,1,2,3,4,5,4,1,1,3,4,4,4,5,3,5,1,4,4,3,1,,FAKERS,T2,
7/23/2019 20:25,7/23/2019 20:51,0,223.181.192.59,100,1566,1,7/23/2019 20:51,R_2zqirQI4AG8vNKb,,,,,11.00549316,76.96609497,anonymous,EN,1,A2RR3R75ECQSKE,2,,3,2,10,10,7,,,,,,,,,5,4,2,5,4,3,1,4,3,5,4,4,1,5,3,4,3,4,4,5,1,,Nice study.,C,
7/23/2019 20:18,7/23/2019 21:02,0,110.224.198.128,100,2621,1,7/23/2019 21:02,R_2zo9MrnfeddtIyn,,,,,21.23330688,81.63330078,anonymous,EN,1,A2QQY4S73JO639,1,36,1,2,7,1,4,5.018,111.64,440.942,3,,,,,2,4,2,5,4,1,2,2,2,5,2,2,1,2,5,1,4,2,4,3,1,,,T1,
7/23/2019 20:18,7/23/2019 21:04,0,73.189.103.206,100,2739,1,7/23/2019 21:04,R_1BPKefYma8TiUCW,,,,,37.5428009,-122.2971039,anonymous,EN,1,a1vl7507uonpx0,1,41,1,2,7,3,4,,,,,0,0,227.145,0,2,4,3,4,3,2,2,2,1,1,2,3,4,4,5,3,3,5,4,5,1,,Interesting,T2,
7/23/2019 21:00,7/23/2019 21:08,0,108.88.149.156,100,510,1,7/23/2019 21:08,R_usNowxkLGNDm9rj,,,,,36.52459717,-87.34649658,anonymous,EN,1,A1T6RFUU0OTS0M,1,26,2,2,7,2,4,,,,,0,0,205.514,0,2,4,2,5,4,2,4,4,1,2,1,3,2,3,1,3,3,4,5,4,1,,,T2,
7/23/2019 20:33,7/23/2019 21:09,0,98.22.18.203,100,2172,1,7/23/2019 21:09,R_O2b5Ha7gnAbtk4h,,,,,29.78709412,-82.16079712,anonymous,EN,1,A1GLF2427E02YG,1,35,2,5,5,1,5,,,,,20.495,20.495,215.537,1,4,3,2,2,2,2,2,2,1,1,1,2,3,3,4,3,3,5,5,4,1,,"Aww, I thought I was going to get to see how I did! Interesting study, thanks!",T2,
7/23/2019 20:53,7/23/2019 21:12,0,122.183.160.37,100,1170,1,7/23/2019 21:12,R_3qxqogmwHEh52GS,,,,,13.08459473,80.24841309,anonymous,EN,1,A1DVKS3R9SLQ1H,1,28,1,2,7,2,1,,,,,,,,,3,4,4,3,4,2,3,3,1,2,1,3,3,1,5,5,3,3,4,2,1,,samyvanajaamazon@rediffmail.com,C,
7/23/2019 20:27,7/23/2019 21:51,0,50.80.69.123,100,4986,1,7/23/2019 21:51,R_3HMiOWBOqrrARm0,,,,,31.54640198,-84.07830048,anonymous,EN,1,A2AWBDW9V1E9KT,1,37,1,5,6,1,5,161.827,161.827,1181.149,1,,,,,2,3,2,2,3,2,2,2,1,1,1,3,4,3,5,4,3,5,3,4,1,,"The game was fun, but a little railroady, and lacks good replayability.  ",T1,
7/23/2019 21:41,7/23/2019 21:51,0,67.1.220.144,100,628,1,7/23/2019 21:51,R_115FUCi9ORQaxIG,,,,,32.19430542,-110.9766998,anonymous,EN,1,ACDX50KGPE97I,1,30,1,5,7,1,2,8.224,215.143,215.767,3,,,,,5,4,2,2,3,5,2,5,1,1,5,4,3,4,5,3,4,5,4,5,1,,,T1,
7/20/2019 12:06,7/23/2019 21:54,0,76.18.212.179,100,294497,1,7/23/2019 21:54,R_1HcLIMyH8BxHNjs,,,,,30.0821991,-81.54979706,anonymous,EN,1,AKZ8SFOAI4RZN,1,31,1,5,7,3,5,11.584,489.214,1125.41,2,,,,,2,3,2,2,4,1,2,2,1,1,1,4,3,3,5,3,3,5,5,4,1,,none,T1,
7/23/2019 22:21,7/23/2019 23:01,0,67.1.246.209,100,2388,1,7/23/2019 23:01,R_RtvRQSmHUTCoIXD,,,,,32.26989746,-110.9852982,anonymous,EN,1,A2WGW5Y3ZFBDEC,1,48,1,5,7,2,1,,,,,2.701,206.34,210.517,4,3,3,3,3,2,2,2,2,1,1,1,4,3,5,5,4,3,5,5,4,1,,,T2,
7/24/2019 0:44,7/24/2019 1:03,0,50.39.117.110,100,1121,1,7/24/2019 1:03,R_11ZpNKtZK7S1H4D,,,,,45.51519775,-122.4167023,anonymous,EN,1,ARJ6SPCZJVARE,1,28,1,5,6,2,3,33.298,101.899,397.699,4,,,,,5,3,3,3,4,1,4,2,1,1,4,4,5,5,3,4,3,2,4,5,1,,,T1,
7/25/2019 19:15,7/25/2019 19:21,0,171.49.170.115,100,340,1,7/25/2019 19:21,R_R4tY8AnRQ2JvjZT,,,,,13.08459473,80.24841309,anonymous,EN,1,A3SLY0SJLJZ0J1,1,25,1,2,8,3,5,,,,,,,,,3,4,2,2,4,2,4,3,4,1,4,4,4,3,1,2,2,5,3,5,1,,priya@gmail.com,C,
7/25/2019 19:13,7/25/2019 19:22,0,71.115.145.137,100,577,1,7/25/2019 19:22,R_1CKPGOy21xxcxqn,,,,,43.16200256,-76.32369995,anonymous,EN,1,A3HW4QDJB63OQ2,1,29,1,5,7,3,2,,,,,0,0,203.064,0,2,5,3,3,4,2,4,3,1,1,3,4,4,3,1,4,3,2,4,4,1,,,T2,
7/25/2019 19:15,7/25/2019 19:31,0,24.47.237.2,100,919,1,7/25/2019 19:31,R_5nKJ93RaQSNYkYp,,,,,40.64689636,-73.93440247,anonymous,EN,1,A3PRX6CU0P34NE,1,30,1,5,7,2,5,,,,,,,,,3,3,4,3,2,2,2,2,1,1,1,3,3,3,5,3,3,5,4,4,1,,,C,
7/25/2019 19:18,7/25/2019 19:34,0,66.66.153.4,100,961,1,7/25/2019 19:34,R_1GK8mZpCyXOybUC,,,,,43.22070313,-77.59919739,anonymous,EN,1,A3IR7DFEKLLLO,1,42,1,5,7,2,2,,,,,2.964,207.507,208.145,2,2,2,3,2,3,2,2,2,1,1,1,3,3,4,4,3,4,3,5,4,1,,,T2,
7/25/2019 19:19,7/25/2019 19:38,0,24.225.114.170,100,1149,1,7/25/2019 19:38,R_bjfz8Nr9126rxwl,,,,,48.70480347,-95.75039673,anonymous,EN,1,A2YE7NBCK14VAQ,1,39,1,5,5,2,4,,,,,,,,,2,2,2,2,3,2,3,2,2,2,2,5,3,2,3,3,2,5,3,3,1,,"did my best the categories were kinda similiar like ""fake news"" and extreme bias could be easily be confused with eachother ",C,
7/25/2019 19:13,7/25/2019 19:39,0,68.33.30.98,100,1537,1,7/25/2019 19:39,R_3KYYYXtxVxvzwML,,,,,39.10899353,-77.24890137,anonymous,EN,1,AU2NVT51E749C,1,41,1,5,9,6,2,,,,,0,0,204.257,0,3,3,3,3,2,2,2,2,1,2,1,5,3,3,5,4,3,5,5,4,1,,Thanks!,T2,
7/25/2019 19:32,7/25/2019 19:39,0,66.168.166.114,100,412,1,7/25/2019 19:39,R_1FLDRVSz8PzNd7W,,,,,34.54849243,-87.00360107,anonymous,EN,1,A1LZWU72K42V92,1,50,1,5,6,2,4,,,,,,,,,3,4,2,3,2,2,4,2,1,1,3,2,4,4,3,3,5,4,4,3,1,,thank you,C,
7/25/2019 19:27,7/25/2019 19:41,0,47.196.64.154,100,791,1,7/25/2019 19:41,R_3RfXP2GKURoQ7Bf,,,,,27.90319824,-82.29109955,anonymous,EN,1,A2IUT0610X9CV0,1,32,1,5,3,1,5,,,,,219.587,219.587,220.754,1,5,3,1,2,2,4,2,4,2,2,1,4,5,5,3,5,5,3,5,3,1,,FAKERS,T2,
7/25/2019 19:21,7/25/2019 19:41,0,65.35.122.90,100,1205,1,7/25/2019 19:41,R_Y9ojI0hmW9d5Nn3,,,,,27.80439758,-82.27590179,anonymous,EN,1,A1AJG4BGSRPC93,1,35,2,2,7,4,5,4.332,131.987,285.667,6,,,,,2,3,3,4,3,2,3,2,5,1,1,3,3,4,2,3,3,4,4,3,1,,,T1,
7/25/2019 19:15,7/25/2019 19:41,0,172.91.194.160,100,1570,1,7/25/2019 19:41,R_3L5zCzRQbOEKTVD,,,,,34.39750671,-118.5568008,anonymous,EN,1,AYDILOZLKOAS8,1,34,1,4,7,7,4,,,,,167.043,167.043,247.011,1,3,2,2,4,2,2,2,3,1,1,1,3,3,4,3,3,2,5,2,4,1,,,T2,
7/25/2019 19:29,7/25/2019 19:42,0,71.52.15.124,100,781,1,7/25/2019 19:42,R_1M5nzjmdNj209Ig,,,,,28.90390015,-81.99690247,anonymous,EN,1,A1M1TSMJB12177,1,61,1,5,7,1,5,,,,,15.442,15.442,211.153,1,2,2,2,3,2,2,2,2,1,1,1,3,2,5,5,4,3,2,4,5,1,,,T2,
7/25/2019 19:18,7/25/2019 19:44,0,70.126.223.242,100,1540,1,7/25/2019 19:44,R_3iRv4TIdKznbWyS,,,,,27.73910522,-82.64350128,anonymous,EN,1,A171S8E9IFSHH2,1,32,1,5,7,1,3,,,,,0,0,234.144,0,3,4,2,5,4,2,2,2,5,1,4,3,3,5,5,4,4,3,4,3,1,,,T2,
7/25/2019 19:18,7/25/2019 19:45,0,76.183.236.17,100,1620,1,7/25/2019 19:46,R_1dzbra5lYc51uJh,,,,,32.83099365,-96.76920319,anonymous,EN,1,A130P4M9JPT4YA,1,49,1,5,9,3,4,,,,,,,,,2,4,3,3,2,2,2,2,1,1,1,4,3,4,4,3,3,5,5,4,1,,"Thank you.  In some cases, the bias was so far that it constituted fake news (as in, deceptive).  A few had fine journalistic standards but were presenting a particular view, so I put as 'political', though they had integrity.  There was also a nice one presenting a faith and science perspective that wasn't really journalism at all, just a nice philosphical essay.  I put as political, though to be fair it didn't fit into any of these, as it had no real agenda but wasn't journalism either.",C,
7/25/2019 19:15,7/25/2019 19:45,0,66.168.166.114,100,1804,1,7/25/2019 19:46,R_3pmalN5xvHnaIRo,,,,,34.54849243,-87.00360107,anonymous,EN,1,A2S96ZZ70YFPSK,1,45,2,5,6,2,5,13.498,13.498,1196.329,1,,,,,5,4,5,3,4,5,3,2,1,1,1,3,4,4,3,4,3,4,5,3,1,,,T1,
7/25/2019 19:16,7/25/2019 19:46,0,117.206.130.89,100,1828,1,7/25/2019 19:47,R_28zFGfK44q8UHtW,,,,,9.449996948,77.92001343,anonymous,EN,1,A3QZMGTVA4VO44,1,36,1,1,7,2,1,,,,,0,0,239.118,0,5,4,3,5,5,2,2,3,1,2,3,3,5,3,2,5,2,3,4,2,1,,,T2,
7/25/2019 19:21,7/25/2019 19:49,0,98.21.206.70,100,1686,1,7/25/2019 19:49,R_2xJLegRq4Le9kvs,,,,,41.02870178,-92.79460144,anonymous,EN,1,A1IFIK8J49WBER,1,57,2,5,5,3,2,16.658,16.658,1112.057,1,,,,,5,4,2,5,2,2,4,3,1,2,1,3,3,5,1,3,4,2,5,1,1,,,T1,
7/25/2019 19:13,7/25/2019 19:49,0,69.254.180.97,100,2197,1,7/25/2019 19:49,R_8hNRFLEVyOCKTfP,,,,,30.83320618,-88.09339905,anonymous,EN,1,A175ZTL2OZO9YU,1,48,2,5,6,2,4,7.205,15.976,1087.184,7,,,,,2,4,2,2,3,2,4,2,1,1,1,5,3,3,5,5,4,5,4,5,1,,,T1,
7/25/2019 19:17,7/25/2019 19:54,0,117.199.132.219,100,2262,1,7/25/2019 19:54,R_3ebnO9VdK9PpngX,,,,,9.919006348,78.11950684,anonymous,EN,1,A1TXOZQU1O4F0N,1,40,1,2,5,2,3,,,,,,,,,2,5,1,5,4,1,2,2,1,1,2,4,1,1,4,4,4,2,4,5,1,,sherlin1234@gmail.com,C,
7/25/2019 19:44,7/25/2019 19:55,0,103.82.211.200,100,672,1,7/25/2019 19:55,R_237EeYGHRMn2HKy,,,,,12.40930176,77.77841187,anonymous,EN,1,A2SKH7WZUEDGGI,1,39,1,4,7,2,7,,,,,,,,,4,4,3,5,4,2,1,2,2,5,2,5,3,4,5,2,2,4,2,3,1,,,C,
7/25/2019 19:37,7/25/2019 19:56,0,71.56.135.96,100,1120,1,7/25/2019 19:56,R_XMM9zHXxumtXeNj,,,,,45.48170471,-122.4156036,anonymous,EN,1,A22QD6M0A2C77C,1,46,1,5,7,4,4,,,,,,,,,5,4,3,2,4,2,3,2,1,1,1,4,3,4,3,3,2,5,4,3,1,,,C,
7/25/2019 19:23,7/25/2019 19:57,0,98.109.17.188,100,2007,1,7/25/2019 19:57,R_0BTFtkx68fSReKJ,,,,,40.78689575,-74.25350189,anonymous,EN,1,A26GF078IX9A43,1,40,2,3,9,6,5,,,,,0,0,237.301,0,3,3,2,5,4,2,2,2,1,1,1,5,5,2,5,3,3,5,5,3,1,,,T2,
7/25/2019 19:16,7/25/2019 19:57,0,157.51.117.93,100,2460,1,7/25/2019 19:57,R_3qqfa6sgE8HRxcp,,,,,13.08459473,80.24841309,anonymous,EN,1,A39N0WW02VT0MB,1,26,1,2,7,4,6,331.999,331.999,1730.299,1,,,,,3,3,5,4,4,4,2,3,3,3,5,3,5,4,5,3,3,5,1,4,1,,,T1,
7/25/2019 19:17,7/25/2019 19:59,0,49.204.140.192,100,2567,1,7/25/2019 19:59,R_1NmDxN8p36DXhlr,,,,,11.00549316,76.96609497,anonymous,EN,1,A2XI3DX3IJ1TAV,1,38,2,2,9,1,2,,,,,,,,,5,4,4,5,2,2,5,3,1,1,3,4,5,5,3,5,5,4,4,4,1,,,C,
7/25/2019 19:49,7/25/2019 20:02,0,98.235.69.98,100,758,1,7/25/2019 20:02,R_8c3QEYmAOeARLON,,,,,41.27229309,-75.88870239,anonymous,EN,1,A1945USNZHTROX,1,39,1,5,7,4,4,,,,,0,0,215.754,0,3,2,2,2,3,2,3,2,1,1,1,2,4,5,5,5,3,5,5,2,1,,,T2,
7/25/2019 19:26,7/25/2019 20:04,0,104.4.233.225,100,2281,1,7/25/2019 20:04,R_22y88OZLi4RoIFW,,,,,33.91679382,-118.3432007,anonymous,EN,1,A1JKSAQ8UNCE7B,1,45,2,5,6,3,2,,,,,4.466,210.314,211.586,3,5,5,3,5,5,3,3,2,1,2,1,4,3,3,5,4,5,5,5,5,1,,,T2,
7/25/2019 19:22,7/25/2019 20:13,0,71.232.227.212,100,3099,1,7/25/2019 20:13,R_8A4Cdyj4T05j2Zr,,,,,41.71130371,-70.47750092,anonymous,EN,1,ANFWGSQ8BQRZ,1,44,1,5,9,1,4,,,,,,,,,3,2,2,3,4,2,2,2,1,1,1,4,3,4,5,4,3,4,5,4,1,,,C,
7/25/2019 19:24,7/25/2019 20:13,0,73.177.126.243,100,2942,1,7/25/2019 20:13,R_xtMQKe7VPLakb7z,,,,,32.46989441,-90.11019897,anonymous,EN,1,A1PAY3X73PQ16S,1,51,2,5,9,4,5,,,,,,,,,5,3,3,4,4,3,3,3,1,1,1,4,4,3,5,3,4,2,4,5,1,,,C,
7/25/2019 19:26,7/25/2019 20:16,0,76.187.65.25,100,2954,1,7/25/2019 20:16,R_C1TK6MYzOQdV8E9,,,,,33.1493988,-96.82800293,anonymous,EN,1,A2MCG5W6LHSRG9,1,34,1,5,6,2,5,18.755,18.755,973.423,1,,,,,5,3,5,4,4,5,3,2,1,1,1,3,5,4,4,3,3,5,5,4,1,,,T1,
7/25/2019 19:17,7/25/2019 20:22,0,73.198.13.141,100,3908,1,7/25/2019 20:22,R_3j3ENNGWkVoOhOj,,,,,39.37730408,-74.61229706,anonymous,EN,1,A3UV55HC87DO9C,1,28,1,5,7,3,4,,,,,,,,,2,5,5,5,2,1,5,3,1,2,2,5,3,3,3,5,2,3,5,3,1,,,C,
7/25/2019 19:18,7/25/2019 20:26,0,23.28.34.8,100,4085,1,7/25/2019 20:26,R_3qeupLPwmEeASAF,,,,,42.66140747,-84.07209778,anonymous,EN,1,A3OJCWC178255T,1,31,2,5,6,2,4,9.899,1126.012,2035.94,3,,,,,3,3,2,3,2,2,2,2,1,1,1,4,3,2,3,3,3,3,4,3,1,,,T1,
7/25/2019 19:59,7/25/2019 20:28,0,107.2.16.121,100,1696,1,7/25/2019 20:28,R_uwCPOa6Jn8IZCE1,,,,,32.33659363,-111.1771011,anonymous,EN,1,A610SH5RY1NG1,1,35,1,5,5,4,5,,,,,0,0,208.557,0,5,2,2,3,4,5,3,2,1,1,1,4,2,3,3,3,4,2,5,5,1,,,T2,
7/25/2019 19:18,7/25/2019 20:35,0,24.218.18.163,100,4629,1,7/25/2019 20:35,R_11YgJJOdgqc0NSW,,,,,42.27830505,-71.15930176,anonymous,EN,1,A3HTLXAPOBCVVO,1,49,2,5,7,2,4,22.548,22.548,1092.479,1,,,,,3,3,2,3,3,3,2,2,1,1,1,4,3,4,3,4,3,3,5,5,1,,,T1,
7/25/2019 19:26,7/25/2019 20:36,0,24.45.7.187,100,4196,1,7/25/2019 20:36,R_23WSpQ21ZdxUUjM,,,,,40.84460449,-74.57489777,anonymous,EN,1,A3BHRFFG75X3GO,1,37,1,2,7,3,5,,,,,,,,,5,4,2,4,3,2,2,2,1,1,1,3,4,3,4,4,4,5,4,4,1,,,C,
7/25/2019 19:33,7/25/2019 20:37,0,67.242.39.239,100,3829,1,7/25/2019 20:37,R_cTl6Cwi6fMsZh6h,,,,,42.92849731,-76.55909729,anonymous,EN,1,A314XJY8V1YL12,1,47,2,5,9,4,4,15.487,20.095,853.221,2,,,,,2,2,3,3,3,2,2,2,1,1,1,4,3,3,5,2,3,5,3,5,1,,,T1,
7/25/2019 19:39,7/25/2019 20:39,0,108.74.192.75,100,3604,1,7/25/2019 20:39,R_2xSr15ddrEZFkcG,,,,,35.12930298,-80.86399841,anonymous,EN,1,A1B4KC5KP7FH1Z,1,53,1,5,5,1,4,39.683,39.683,433.842,1,,,,,2,2,3,2,3,2,2,2,2,5,1,4,5,5,5,3,4,2,5,3,1,,leecalebro@gmail.com,T1,
7/25/2019 19:57,7/25/2019 20:40,0,117.96.243.59,100,2580,1,7/25/2019 20:40,R_29m1h9FGnKq4C6y,,,,,30.73629761,76.78839111,anonymous,EN,1,A3NHMKVK98NY7I,1,28,1,2,7,1,3,13.207,13.207,1838.592,1,,,,,5,4,2,2,4,2,4,4,1,1,2,3,2,5,3,2,3,2,3,2,1,,,T1,
7/23/2019 20:58,7/25/2019 20:43,0,157.41.93.100,100,171865,1,7/25/2019 20:43,R_1gtnz64TadqtABF,,,,,20.2723999,85.83389282,anonymous,EN,1,A9KSSJXDB6GPE,1,5,1,2,7,2,2,11.588,11.588,1089.69,1,,,,,5,4,4,5,4,5,2,5,2,5,3,1,4,4,5,5,3,5,5,2,1,,poornimar.12@gmail.com,T1,
7/25/2019 20:32,7/25/2019 20:53,0,67.11.212.123,100,1235,1,7/25/2019 20:53,R_DzQG2BG1CPluoJr,,,,,29.55310059,-98.35980225,anonymous,EN,1,A2MKXI4KCRRI7Y,1,34,1,5,9,5,5,,,,,,,,,2,3,3,2,4,2,2,2,1,1,1,4,2,2,1,5,5,5,2,3,1,,,C,
7/25/2019 20:41,7/25/2019 20:54,0,96.249.157.50,100,803,1,7/25/2019 20:54,R_3oXB65rhx8c0NC5,,,,,40.2749939,-76.80390167,anonymous,EN,1,A2R0YYUAWNT7UD,1,27,1,5,7,2,2,,,,,,,,,2,3,3,3,4,2,3,2,1,1,1,4,5,4,2,4,5,5,5,3,1,,,C,
7/25/2019 20:17,7/25/2019 20:57,0,24.255.166.60,100,2371,1,7/25/2019 20:57,R_3I8pb6Wxh5znK8x,,,,,39.042099,-95.71869659,anonymous,EN,1,ALQPGVQZEZSUE,1,41,1,5,6,1,4,19.347,19.347,900.573,1,,,,,2,3,2,2,3,2,2,2,1,1,1,5,4,4,4,4,4,5,3,5,1,,,T1,
7/25/2019 20:52,7/25/2019 20:58,0,47.157.22.22,100,362,1,7/25/2019 20:58,R_T7V7i3eKrxhHgMF,,,,,33.83079529,-118.1125031,anonymous,EN,1,A1PUHCEBSOWETV,1,22,1,5,7,4,5,,,,,4.118,4.118,248.504,1,4,3,3,3,2,3,3,3,3,3,2,3,3,2,2,3,3,2,2,3,1,,,T2,
7/25/2019 19:16,7/25/2019 21:00,0,68.195.11.250,100,6218,1,7/25/2019 21:00,R_1DDehCdue57Q4xi,,,,,40.89489746,-74.01100159,anonymous,EN,1,A26TY8FHMJ183C,1,30,1,5,7,3,4,134.307,134.307,4990.969,1,,,,,5,5,2,5,2,5,2,2,1,1,1,4,5,2,5,5,3,2,2,3,1,,,T1,
7/25/2019 19:15,7/25/2019 21:04,0,100.12.206.157,100,6516,1,7/25/2019 21:04,R_2PnZTQ4G8cVRbtt,,,,,40.74839783,-73.86199951,anonymous,EN,1,AKSJ3C5O3V9RB,1,24,2,2,9,2,4,,,,,40.878,40.878,211.383,1,5,4,2,3,3,2,2,2,1,1,1,4,3,4,3,3,3,5,4,2,1,,FAKERS,T2,
7/25/2019 21:20,7/25/2019 21:44,0,168.224.160.23,100,1462,1,7/25/2019 21:44,R_3lPvHEYFKdXioOK,,,,,47,8,anonymous,EN,1,A2U83S62P8SZ6T,1,33,1,5,7,4,5,6.178,6.178,760.167,1,,,,,5,4,5,2,3,2,3,2,1,1,1,3,4,3,2,3,5,2,4,3,1,,,T1,
7/25/2019 21:32,7/25/2019 21:45,0,174.58.25.22,100,796,1,7/25/2019 21:45,R_1JJFeCvex4brvNf,,,,,27.3269043,-82.54329681,anonymous,EN,1,A16HSMUJ7C7QA7,1,65,2,5,6,1,3,,,,,0,0,206.753,0,2,2,5,2,4,5,3,3,1,1,1,4,5,5,5,3,5,2,4,5,1,,,T2,
7/25/2019 21:35,7/25/2019 21:48,0,122.183.171.130,100,732,1,7/25/2019 21:48,R_2uK74PMmhsjsV90,,,,,10.8170929,78.69848633,anonymous,EN,1,A21AVVEQUEX7DA,1,27,1,2,7,2,2,,,,,,,,,2,2,2,2,2,4,2,3,3,2,4,4,4,2,3,3,5,4,4,3,1,,poovitha1410@gmail.com,C,
7/25/2019 21:35,7/25/2019 22:10,0,122.183.167.86,100,2078,1,7/25/2019 22:10,R_aWpSoJfCFOiokE1,,,,,13.08459473,80.24841309,anonymous,EN,1,A20VJWCDIBKTZI,1,38,1,2,6,2,2,0,0,296.093,0,,,,,5,4,2,4,4,1,2,3,1,1,5,3,3,4,2,1,1,4,1,3,1,,jeyajothi23051997@gmail.com,T1,
7/25/2019 21:36,7/25/2019 22:18,0,122.174.206.154,100,2549,1,7/25/2019 22:18,R_3FVuEwKQsKzqvv0,,,,,13.08459473,80.24841309,anonymous,EN,1,A28A3HF3LSEIDT,1,25,2,2,7,2,2,,,,,0,0,247.009,0,3,3,2,3,3,3,3,3,3,3,4,3,4,4,4,3,3,3,3,3,1,,njeyasri169@gmail.com,T2,
7/25/2019 21:54,7/25/2019 22:31,0,103.225.124.66,100,2218,1,7/25/2019 22:31,R_3L0Gm7qHRx7voj8,,,,,11.38020325,77.89440918,anonymous,EN,1,A2E6G3YGPG97B6,1,30,2,2,7,4,5,43.27,58.397,1569.924,4,,,,,2,4,1,5,3,2,4,5,3,3,3,3,3,4,2,4,1,2,4,2,1,,,T1,
7/25/2019 21:34,7/25/2019 22:48,0,183.83.205.55,100,4402,1,7/25/2019 22:48,R_2Sua7SSxyLgzp60,,,,,17.38409424,78.45639038,anonymous,EN,1,A2OAZPREKF6PQR,1,29,2,2,7,1,1,,,,,,,,,1,5,3,2,4,3,4,1,3,1,4,3,2,5,1,3,2,4,1,1,1,,,C,
7/25/2019 23:21,7/25/2019 23:27,0,171.49.190.198,100,341,1,7/25/2019 23:27,R_3h60m9r7y5s6JaX,,,,,13.08459473,80.24841309,anonymous,EN,1,A17DF2ZUXF4F0Q,1,25,1,2,6,2,2,,,,,,,,,2,3,3,3,3,2,2,2,3,3,2,2,3,2,2,2,2,2,1,2,1,,kowsalya27091997@gmail.com,C,
7/26/2019 10:09,7/26/2019 10:19,0,68.201.1.203,100,577,1,7/26/2019 10:19,R_3QxuaS3wvXZ81Xz,,,,,33.85809326,-98.57550049,anonymous,EN,1,A24ZKEJTS1O4IW,1,30,1,5,7,3,2,,,,,128.141,128.549,204.599,2,5,4,2,5,3,2,3,2,1,1,1,4,5,5,3,3,5,5,4,5,1,,,T2,
7/26/2019 10:16,7/26/2019 10:29,0,45.31.113.40,100,733,1,7/26/2019 10:29,R_1DC0TtrYQ7bsUBi,,,,,29.73730469,-95.39720154,anonymous,EN,1,A2YO837C0O1E91,1,29,2,5,6,2,5,,,,,,,,,2,4,2,3,4,2,4,2,1,1,1,3,3,4,5,4,4,4,5,3,1,,,C,
7/26/2019 10:08,7/26/2019 10:29,0,45.36.89.164,100,1269,1,7/26/2019 10:29,R_3O6By5xikUUwnlE,,,,,36.03219604,-79.8588028,anonymous,EN,1,A150GMV1YQWWB3,1,39,1,5,3,2,5,,,,,,,,,2,4,2,3,2,2,2,2,1,1,1,5,3,3,4,3,3,5,4,4,1,,,C,
7/26/2019 10:18,7/26/2019 10:31,0,173.91.133.199,100,813,1,7/26/2019 10:31,R_1QQ9g7InFHimk9j,,,,,41.1257019,-80.62770081,anonymous,EN,1,A3GW3MPLVGG7PZ,1,34,2,3,4,2,5,,,,,,,,,5,3,4,3,4,5,2,2,5,1,2,3,4,3,5,4,4,5,5,5,1,,,C,
7/26/2019 10:17,7/26/2019 10:33,0,112.133.236.115,100,971,1,7/26/2019 10:33,R_1dn76hARvP3NHlP,,,,,13.08459473,80.24841309,anonymous,EN,1,A1Z6F6EIUJFC6T,1,29,1,2,6,2,4,3.063,406.61,408.041,2,,,,,4,4,1,1,5,3,3,5,1,4,3,2,2,3,5,2,3,2,2,4,1,,,T1,
7/26/2019 10:12,7/26/2019 10:33,0,73.119.218.69,100,1285,1,7/26/2019 10:33,R_2CqzG6RiPUY3ZVG,,,,,43.01100159,-71.45709991,anonymous,EN,1,A3QSJY1FFN0N6V,1,36,2,5,6,5,5,14.969,15.404,527.016,2,,,,,5,3,2,3,4,5,2,3,1,1,1,5,3,5,3,3,3,5,5,3,1,,No,T1,
7/26/2019 10:09,7/26/2019 10:34,0,24.167.162.47,100,1470,1,7/26/2019 10:34,R_3CNJxMfsGCowiGs,,,,,36.03219604,-79.8588028,anonymous,EN,1,A19WXS1CLVLEEX,1,65,1,5,7,1,5,,,,,6.175,6.175,207.288,1,2,2,2,2,3,3,2,3,1,5,1,3,5,5,5,4,3,5,5,2,1,,,T2,
7/26/2019 10:09,7/26/2019 10:34,0,184.16.118.110,100,1486,1,7/26/2019 10:34,R_2SH6DSOojy9xhfA,,,,,41.34820557,-85.41419983,anonymous,EN,1,A2R02DYCDLY75U,1,40,2,5,7,5,4,,,,,18.47,18.47,224.301,1,2,3,2,3,2,2,2,2,1,1,1,2,3,2,3,3,3,4,4,3,1,,,T2,
7/26/2019 10:30,7/26/2019 10:34,0,68.119.43.1,100,262,1,7/26/2019 10:34,R_3NUndGm38IFBoUk,,,,,35.75320435,-81.32640076,anonymous,EN,1,A3FOKP72T5I4FR,1,41,2,5,7,2,5,,,,,,,,,2,3,2,5,3,5,4,3,1,2,3,3,5,5,5,5,3,2,3,3,1,,,C,
7/26/2019 10:13,7/26/2019 10:37,0,73.66.240.119,100,1426,1,7/26/2019 10:37,R_31ZR3CXJgVFMuaV,,,,,39.50799561,-121.4570999,anonymous,EN,1,A8028AFBBS29G,1,64,2,5,5,2,3,,,,,,,,,5,3,5,2,4,5,3,3,1,1,5,5,5,5,2,3,3,5,4,5,1,,,C,
7/26/2019 10:19,7/26/2019 10:37,0,73.167.18.130,100,1113,1,7/26/2019 10:37,R_3MgH2RsIWU6Nufr,,,,,41.56619263,-72.34410095,anonymous,EN,1,A1NMKXK04PZ6KK,1,39,1,5,7,3,3,20.019,20.019,836.505,1,,,,,5,4,4,5,4,2,4,5,4,3,4,4,4,3,3,1,3,2,2,5,1,,"way underpaid, should be ashamed",T1,
7/26/2019 10:12,7/26/2019 10:38,0,170.76.184.94,100,1564,1,7/26/2019 10:38,R_25X6cCoZdhxSQjY,,,,,30.55580139,-100.6306992,anonymous,EN,1,AIPHJXQEDNW9L,1,30,1,5,5,2,3,,,,,,,,,2,3,2,3,3,2,2,2,1,1,1,3,3,2,5,4,3,5,5,5,1,,,C,
7/26/2019 10:27,7/26/2019 10:38,0,76.204.63.194,100,647,1,7/26/2019 10:38,R_2pVOrAyaKhLjoT2,,,,,35.71090698,-78.65940094,anonymous,EN,1,AP7BOM5KUH8KV,1,31,1,5,7,2,5,,,,,,,,,2,3,2,2,2,2,2,2,1,1,1,2,4,2,4,4,3,3,5,3,1,,,C,
7/26/2019 10:16,7/26/2019 10:38,0,174.97.198.32,100,1355,1,7/26/2019 10:38,R_pS0zHN1lYtRzN6h,,,,,38.2131958,-84.54550171,anonymous,EN,1,A1OQIXAU1SEJ4P,1,32,2,5,6,2,5,,,,,69.12,209.254,210.167,2,5,3,2,3,3,2,2,1,1,1,1,3,3,5,3,4,3,2,4,3,1,,,T2,
7/26/2019 10:15,7/26/2019 10:42,0,71.207.19.184,100,1620,1,7/26/2019 10:42,R_2ygvTmEpPoyc371,,,,,40.0045929,-76.59470367,anonymous,EN,1,A27SMEOPKV84VI,1,37,2,5,5,4,2,10.984,10.984,611.757,1,,,,,2,4,2,3,4,2,2,1,1,2,1,3,3,3,2,5,4,5,4,5,1,,,T1,
7/26/2019 10:14,7/26/2019 10:44,0,100.12.237.5,100,1796,1,7/26/2019 10:44,R_1cTUntWYua4uAq9,,,,,40.76809692,-73.82910156,anonymous,EN,1,AJWES6SFIP3AT,1,36,1,4,7,3,4,,,,,18.93,18.93,236.232,1,2,3,3,3,2,2,2,3,1,1,1,3,2,4,4,4,3,4,5,4,1,,,T2,
7/26/2019 10:08,7/26/2019 10:44,0,173.48.165.229,100,2135,1,7/26/2019 10:44,R_1rqUdYw87axgX9p,,,,,41.90820313,-71.10310364,anonymous,EN,1,A2HG1N3BVQO6I,1,57,2,5,5,3,2,,,,,1.691,212.139,212.968,4,2,5,5,5,4,2,2,2,1,1,2,4,4,2,3,3,4,5,4,4,1,,,T2,
7/26/2019 10:15,7/26/2019 10:44,0,137.25.67.164,100,1748,1,7/26/2019 10:44,R_3kNzk43Y6AGhYf4,,,,,33.94320679,-117.9926987,anonymous,EN,1,A3VP27UUQ34OXK,1,56,2,5,6,6,4,9.981,9.981,988.535,1,,,,,2,3,2,2,2,1,5,5,2,5,4,5,2,5,5,5,3,2,4,2,1,,,T1,
7/26/2019 10:07,7/26/2019 10:44,0,70.32.0.134,100,2215,1,7/26/2019 10:44,R_SO9Zx5CG1l3cZwZ,,,,,39.0480957,-77.47280121,anonymous,EN,1,A38DC3BG1ZCVZ2,1,34,2,2,6,3,3,102.364,106.578,302.593,2,,,,,2,4,2,3,4,2,4,4,2,5,2,3,3,4,3,3,4,5,4,3,1,,,T1,
7/26/2019 10:11,7/26/2019 10:45,0,71.29.255.219,100,2045,1,7/26/2019 10:45,R_3dE6MSKdTZzAeof,,,,,38.62710571,-83.10559845,anonymous,EN,1,A1MTRZDRKNB9GV,1,57,2,5,6,2,2,,,,,,,,,2,2,5,5,4,2,2,2,1,2,4,4,5,5,1,1,3,1,5,5,1,,,C,
7/26/2019 10:29,7/26/2019 10:49,0,73.48.80.170,100,1211,1,7/26/2019 10:49,R_aaVrkVzBNOrvJXH,,,,,30.49079895,-84.31580353,anonymous,EN,1,A1P6OXEJ86HQRM,1,37,1,5,7,2,5,,,,,207.929,207.929,209.034,1,2,3,2,3,2,3,3,2,1,1,1,4,5,4,3,4,3,2,5,3,1,,,T2,
7/26/2019 10:18,7/26/2019 10:51,0,103.114.211.54,100,1942,1,7/26/2019 10:51,R_2X6xpy0LIPxXRHx,,,,,11.00549316,76.96609497,anonymous,EN,1,A20PV3RB3I0W8S,1,29,1,5,7,4,2,,,,,,,,,4,5,3,3,2,2,2,5,1,4,2,1,4,3,3,1,5,5,4,3,1,,inouoraprojects@gmail.com,C,
7/26/2019 10:31,7/26/2019 10:52,0,73.79.166.153,100,1248,1,7/26/2019 10:52,R_1o4NCjejR9YaURq,,,,,40.07519531,-80.77469635,anonymous,EN,1,A87D3K9YVKTQ7,1,36,2,5,7,2,4,22.623,22.623,865.592,1,,,,,5,4,4,1,4,2,5,2,1,5,2,5,4,2,1,3,5,4,4,3,1,,,T1,
7/25/2019 22:34,7/26/2019 10:54,0,223.181.233.102,100,44398,1,7/26/2019 10:54,R_XgZUmebqrMmPuql,,,,,11.00549316,76.96609497,anonymous,EN,1,A272A0JGRTBFCR,1,37,1,2,9,2,2,11.689,46.093,1542.945,5,,,,,5,4,1,2,2,4,4,5,5,2,2,4,3,5,4,3,4,2,4,3,1,,,T1,
7/26/2019 10:23,7/26/2019 10:56,0,69.76.169.166,100,1978,1,7/26/2019 10:56,R_12x3q9iwL2LmxkU,,,,,38.959198,-94.59609985,anonymous,EN,1,A2S75O867RJG0I,1,24,1,2,8,1,2,4.942,4.942,282.236,1,,,,,2,3,2,2,4,1,3,2,1,1,2,3,2,2,3,3,2,5,3,3,1,,,T1,
7/26/2019 10:27,7/26/2019 10:56,0,47.208.108.44,100,1758,1,7/26/2019 10:56,R_1E6eoy87U1XR0AQ,,,,,40.75920105,-124.1593018,anonymous,EN,1,AVPKE76DJLWK6,1,37,1,5,7,2,4,271.443,271.443,450.613,1,,,,,2,3,3,3,3,2,2,3,1,1,4,4,2,3,5,4,3,5,4,3,1,,,T1,
7/26/2019 10:31,7/26/2019 10:58,0,73.60.7.165,100,1626,1,7/26/2019 10:58,R_2BgHPd1nZXfGpOm,,,,,41.55029297,-72.99629974,anonymous,EN,1,A3GIIL73GE2CBQ,1,33,1,5,5,2,5,,,,,0,0,247.11,0,2,4,2,2,4,2,2,2,1,1,1,3,3,4,5,3,4,5,5,3,1,,,T2,
7/26/2019 10:28,7/26/2019 11:02,0,73.79.166.153,100,2027,1,7/26/2019 11:02,R_2BaeNXeLUIHKaMX,,,,,40.07519531,-80.77469635,anonymous,EN,1,A1CFMY4CEYOM8Y,1,40,1,5,7,2,5,,,,,,,,,5,4,4,1,4,1,3,3,1,5,2,4,5,1,5,4,5,1,4,5,1,,,C,
7/26/2019 10:23,7/26/2019 11:02,0,184.178.113.107,100,2359,1,7/26/2019 11:02,R_1kRMeCiVOTYpmb8,,,,,32.74040222,-117.135498,anonymous,EN,1,A667L63P4M8NO,1,37,2,5,9,6,5,,,,,0,0,248.204,0,5,4,4,3,4,1,2,4,1,1,1,4,2,5,3,3,4,5,5,5,1,,,T2,
7/26/2019 10:54,7/26/2019 11:03,0,106.198.63.224,100,588,1,7/26/2019 11:03,R_p5ZL7f1aF5zUDbb,,,,,11.00549316,76.96609497,anonymous,EN,1,A1XO6ONCCTBMKW,1,1992,1,2,6,1,2,,,,,0,0,208.815,0,2,1,4,3,5,4,3,1,3,5,2,4,4,5,1,1,2,4,2,3,1,,,T2,
7/26/2019 10:21,7/26/2019 11:05,0,208.93.255.170,100,2604,1,7/26/2019 11:05,R_1IEDKrlNmFmrSD5,,,,,42.18969727,-71.20480347,anonymous,EN,1,A2W3A42TRMJ861,1,58,2,5,5,10,4,,,,,2.804,206.09,207.023,2,2,2,2,3,3,2,2,2,1,1,1,3,3,4,5,3,3,5,5,3,1,,Thanks.,T2,
7/26/2019 10:07,7/26/2019 11:05,0,108.254.224.255,100,3462,1,7/26/2019 11:05,R_PY7bjH07CSFAv0R,,,,,34.6322937,-89.88549805,anonymous,EN,1,A11S8IAAVDXCUS,1,29,2,5,7,1,6,12.256,12.256,679.996,1,,,,,2,4,2,2,4,1,2,4,2,2,2,2,4,5,3,2,3,2,4,2,1,,,T1,
7/26/2019 10:43,7/26/2019 11:07,0,174.231.5.218,100,1400,1,7/26/2019 11:07,R_3e35gqadu8ByZaM,,,,,39.86549377,-86.12200165,anonymous,EN,1,AJNQ2PBD07FKE,1,32,2,5,7,4,3,2.227,204.037,205.451,64,,,,,5,3,4,5,3,2,5,4,1,1,5,3,4,4,1,4,5,5,4,5,1,,,T1,
7/26/2019 10:42,7/26/2019 11:12,0,45.251.33.233,100,1789,1,7/26/2019 11:12,R_10ZaSAxTmBfvyqE,,,,,13.08459473,80.24841309,anonymous,EN,1,A3TUMZ954ORSUC,1,30,2,2,9,1,5,213.282,224.418,1122.51,2,,,,,4,4,4,5,4,1,3,4,3,4,5,2,4,1,1,3,5,2,3,2,1,,Thanks for this interesting survey,T1,
7/26/2019 10:48,7/26/2019 11:18,0,47.210.3.243,100,1771,1,7/26/2019 11:18,R_O36NSVlhtpZJCUN,,,,,32.543396,-93.70110321,anonymous,EN,1,A30RAYNDOWQ61S,1,56,1,5,6,3,2,,,,,,,,,5,4,3,3,4,2,2,2,1,1,1,4,4,4,4,4,5,5,5,5,1,,,C,
7/26/2019 10:34,7/26/2019 11:22,0,70.32.0.129,100,2886,1,7/26/2019 11:22,R_11ZxUoT4rmoNyw3,,,,,39.0480957,-77.47280121,anonymous,EN,1,ASB8T0H7L99RF,1,31,1,4,6,3,3,,,,,,,,,2,4,2,3,4,2,4,2,1,5,5,2,3,3,3,3,4,5,4,4,1,,,C,
7/26/2019 10:56,7/26/2019 11:28,0,71.68.98.139,100,1939,1,7/26/2019 11:28,R_2fBRtb1r6h6CSyn,,,,,35.19470215,-80.7440033,anonymous,EN,1,A3O7X46E3REM7I,1,32,1,3,7,2,4,,,,,7.274,209.209,210.869,2,2,4,3,2,4,2,2,2,1,1,1,2,5,4,5,4,3,5,3,2,1,,,T2,
7/26/2019 11:04,7/26/2019 11:30,0,73.66.240.119,100,1558,1,7/26/2019 11:30,R_b17iirY0mEVq5Fv,,,,,39.50799561,-121.4570999,anonymous,EN,1,A3RQN5RZD1N2KP,1,46,2,5,7,1,3,,,,,,,,,5,3,2,5,5,2,4,2,1,1,1,3,2,4,1,3,4,5,4,4,1,,,C,
7/26/2019 10:58,7/26/2019 11:43,0,73.167.138.231,100,2666,1,7/26/2019 11:43,R_RaFUv423QQOcRZ7,,,,,43.8065033,-73.08820343,anonymous,EN,1,AB66CTVQ90RCV,1,29,2,3,9,2,5,4.631,4.631,2150.566,1,,,,,2,4,4,3,4,2,3,3,1,1,1,4,3,5,3,3,4,2,5,4,1,,,T1,
7/26/2019 11:22,7/26/2019 11:44,0,103.66.79.163,100,1327,1,7/26/2019 11:44,R_3FJKGIfsQEchqF8,,,,,12.9058075,79.13708496,anonymous,EN,1,A299J4PKHAEU9H,1,29,2,2,7,1,1,2.191,2.191,395.237,1,,,,,4,4,4,2,4,1,3,5,1,2,2,5,4,4,4,1,1,5,3,4,1,,FAKERS,T1,
7/26/2019 11:25,7/26/2019 11:50,0,61.3.112.10,100,1503,1,7/26/2019 11:50,R_3POgRPTFuzDgT80,,,,,13.08459473,80.24841309,anonymous,EN,1,AL6TUFYAMT6U4,1,26,1,2,7,1,1,,,,,0,0,214.287,0,5,4,2,2,4,3,4,4,1,2,2,4,5,2,5,5,5,3,4,2,1,,Thanks for the task.,T2,
7/26/2019 11:22,7/26/2019 12:01,0,174.230.129.174,100,2372,1,7/26/2019 12:01,R_3pn9UQueSiTLJ3W,,,,,42.64129639,-83.05039978,anonymous,EN,1,AFU00NU09CFXE,1,45,2,5,6,1,5,,,,,,,,,2,3,3,3,4,5,3,4,2,2,5,5,3,4,3,3,5,5,4,5,1,,,C,
7/26/2019 11:15,7/26/2019 12:06,0,68.42.138.254,100,3020,1,7/26/2019 12:06,R_3MfWVqsheUm13tb,,,,,42.33129883,-83.46559906,anonymous,EN,1,A1V1JNPU0KOA3X,1,53,1,5,9,4,4,,,,,0,0,208.372,0,2,2,3,2,3,2,2,2,1,1,1,3,4,2,3,3,2,5,3,4,1,,,T2,
7/26/2019 11:56,7/26/2019 12:22,0,74.98.207.149,100,1524,1,7/26/2019 12:22,R_2wiSRO5hSOOUGYR,,,,,40.39259338,-79.90519714,anonymous,EN,1,A3HOBJ4PJUOCUN,1,59,2,5,5,2,3,,,,,0,0,207.112,0,5,5,2,5,4,2,5,2,1,2,1,2,3,4,1,3,2,5,4,2,1,,,T2,
7/26/2019 12:09,7/26/2019 12:33,0,50.123.186.92,100,1442,1,7/26/2019 12:33,R_b3YhifSostBV5GV,,,,,33.69880676,-78.91600037,anonymous,EN,1,A35D31QHYQUF9V,1,35,1,5,7,2,3,,,,,,,,,3,2,2,3,2,2,2,2,1,1,1,3,4,4,5,5,2,2,3,4,1,,,C,
7/23/2019 18:33,7/26/2019 12:36,0,98.232.200.31,100,237815,1,7/26/2019 12:36,R_3GkpESNYdYY42Ru,,,,,45.54719543,-122.6417007,anonymous,EN,1,A3LA5P3N3KI8U7,1,34,2,5,6,4,5,1.717,1.717,446.373,1,,,,,3,3,5,3,3,3,2,2,1,1,4,3,5,5,5,3,3,5,5,3,1,,,T1,
7/26/2019 12:38,7/26/2019 12:58,0,103.99.150.149,100,1192,1,7/26/2019 12:58,R_2R3yI5twrccz9to,,,,,11.00549316,76.96609497,anonymous,EN,1,A35T6IAX6MHNHC,1,28,1,2,7,3,2,,,,,0,0,248.108,0,4,3,3,3,3,4,5,4,1,5,2,3,2,3,4,3,4,2,3,2,1,,,T2,
7/26/2019 12:56,7/26/2019 13:37,0,70.160.24.177,100,2466,1,7/26/2019 13:37,R_3dHdQHiIwiPrsEA,,,,,36.8361969,-76.34400177,anonymous,EN,1,A4E1UYPDHE8D8,1,39,1,2,7,3,4,24.334,24.334,1175.92,1,,,,,2,2,2,3,3,2,2,2,1,1,1,4,3,3,2,4,3,5,3,4,1,,,T1,
7/26/2019 13:04,7/26/2019 13:51,0,99.59.135.4,100,2816,1,7/26/2019 13:51,R_DIX5j90ELweRp4d,,,,,39.67570496,-86.06939697,anonymous,EN,1,A3G55RJTW3BSGM,1,42,2,5,9,1,2,13.525,13.525,258.731,1,,,,,1,3,3,3,4,2,3,2,1,1,1,3,3,3,3,3,3,5,3,3,1,,"Your survey is very clearly biased against actual truth. I answered as I knew you'd expect me to, so as to try to get more bonus.",T1,
7/26/2019 15:04,7/26/2019 15:57,0,174.241.2.64,100,3159,1,7/26/2019 15:57,R_9KQ07rR1RYBlbX3,,,,,39.70959473,-86.26139832,anonymous,EN,1,A1YC558J4E5KZ,1,48,1,5,6,1,2,,,,,0,0,230.202,0,3,3,3,3,3,2,3,2,1,1,1,3,3,3,3,3,3,5,3,3,1,,"The ""fact-checker"" examples in the video are laughable. Snopes? Seriously?? Politifact? They said that AOC wasn't photographed crying in front of an empty parking lot because it was actually a road. Ridiculous hair-splitting. I marked things as fake news and biased because that's what you expected, not because they are.",T2,
7/26/2019 18:26,7/26/2019 18:57,0,67.11.110.193,100,1858,1,7/26/2019 18:57,R_2TvjCcJNahPZhpI,,,,,29.65840149,-98.498703,anonymous,EN,1,A1506T1PAYRT16,1,37,2,5,7,6,1,,,,,,,,,5,4,2,5,2,2,2,2,1,2,3,2,5,3,3,1,5,2,4,5,1,,,C,
7/26/2019 18:53,7/26/2019 19:00,0,122.174.253.102,100,445,1,7/26/2019 19:00,R_3Nx08W0HiV1lDM9,,,,,13.08459473,80.24841309,anonymous,EN,1,A5LYLHG880ABE,1,24,1,2,6,2,4,,,,,16.298,16.298,206.335,1,3,3,4,3,4,3,5,3,3,3,4,2,3,3,4,3,4,3,2,3,1,,  FAKERS,T2,
7/26/2019 18:27,7/26/2019 19:08,0,49.205.252.169,100,2445,1,7/26/2019 19:08,R_1FaBsi9PITijLXK,,,,,17.70410156,83.29769897,anonymous,EN,1,A353KETOEN0W8T,1,37,1,2,9,2,7,55.942,55.942,1287.82,1,,,,,2,4,5,3,2,2,2,3,2,2,1,3,2,5,3,3,5,1,4,1,1,,,T1,
7/26/2019 18:29,7/26/2019 19:10,0,67.253.21.12,100,2434,1,7/26/2019 19:10,R_Z4Vk3Szfy3Wnyq5,,,,,44.21369934,-69.0766983,anonymous,EN,1,A1YH2I4Y2SYAXJ,1,56,2,5,6,2,5,,,,,19.544,19.544,207.38,1,2,3,3,2,4,2,2,2,1,1,1,3,2,5,5,3,3,5,3,2,1,,,T2,
7/26/2019 18:26,7/26/2019 19:12,0,27.60.44.239,100,2779,1,7/26/2019 19:12,R_3s5kd8f4QZQ32cS,,,,,26.83929443,80.9230957,anonymous,EN,1,A2SSYBUT9ZM0G9,1,33,1,2,10,1,2,13.122,20.661,1666.916,3,,,,,3,3,3,3,4,5,3,3,2,5,2,5,5,3,1,5,3,4,5,4,1,,,T1,
7/26/2019 18:53,7/26/2019 19:14,0,74.187.142.110,100,1215,1,7/26/2019 19:14,R_1MLrPjAUAcCG4s4,,,,,37.75100708,-97.8219986,anonymous,EN,1,A38DXFI1TZA295,1,55,1,5,6,1,3,,,,,20.197,117.657,209.499,3,2,4,3,2,5,2,2,2,2,1,2,4,4,4,3,4,4,5,5,5,1,,,T2,
7/26/2019 18:33,7/26/2019 19:15,0,122.178.91.251,100,2519,1,7/26/2019 19:15,R_prwG48O40zgVT2N,,,,,11.00549316,76.96609497,anonymous,EN,1,A2HWLIJP5OVFD5,1,32,2,2,6,2,1,,,,,,,,,1,4,4,3,4,1,3,2,3,3,3,3,3,2,1,3,3,2,4,2,1,,djothiamazon@rediffmail.com,C,
7/26/2019 18:26,7/26/2019 19:16,0,173.88.8.208,100,2980,1,7/26/2019 19:16,R_1eqx44czPWdPR6u,,,,,40.74159241,-84.15219879,anonymous,EN,1,AVOF14300525D,1,58,2,5,7,3,2,,,,,,,,,5,4,4,3,5,2,4,4,1,1,5,2,4,5,4,4,5,3,5,4,1,,none,C,
7/26/2019 18:36,7/26/2019 19:16,0,69.180.87.6,100,2399,1,7/26/2019 19:16,R_3R2SA4xqOHbn6R3,,,,,30.16099548,-81.73110199,anonymous,EN,1,A2O2Q0LVWOWJ1G,1,45,2,5,6,2,5,18.614,18.614,765.725,1,,,,,5,4,2,3,3,5,2,3,1,5,1,5,5,3,3,3,3,5,4,5,1,,,T1,
7/26/2019 18:31,7/26/2019 19:17,0,47.156.111.180,100,2757,1,7/26/2019 19:17,R_2EnqpaUDVGAZqFK,,,,,34.15350342,-117.8457031,anonymous,EN,1,A2ZBDSR2LZNVAE,1,48,1,2,7,3,2,,,,,0,0,208.667,0,5,4,3,3,3,1,5,2,1,1,1,3,2,5,3,3,4,5,2,5,1,,,T2,
7/26/2019 18:37,7/26/2019 19:17,0,98.214.237.154,100,2370,1,7/26/2019 19:17,R_3foBgxXI7L63fpr,,,,,39.85830688,-88.9382019,anonymous,EN,1,AVXEDARJC5HLU,1,44,1,5,3,2,5,,,,,,,,,1,3,2,2,4,5,2,3,1,1,1,4,5,4,5,4,3,5,5,5,1,,,C,
7/26/2019 18:27,7/26/2019 19:17,0,71.120.189.85,100,3008,1,7/26/2019 19:17,R_1ODq5YCq12VDDLD,,,,,36.79690552,-76.17970276,anonymous,EN,1,A36ZKMRJCHF2HX,1,33,2,5,5,3,2,,,,,0,0,215.684,0,5,3,1,5,5,1,4,3,1,1,5,4,2,3,3,5,2,5,5,5,1,,,T2,
7/26/2019 18:58,7/26/2019 19:20,0,73.227.222.115,100,1316,1,7/26/2019 19:20,R_3ZXZg7sArdTlFV7,,,,,41.27760315,-72.81150055,anonymous,EN,1,A1KGCOR8OXYR72,1,33,1,5,7,2,5,,,,,,,,,3,3,4,3,3,2,2,2,1,1,1,4,4,3,5,4,3,5,5,4,1,,,C,
7/26/2019 18:56,7/26/2019 19:22,0,61.3.156.127,100,1553,1,7/26/2019 19:22,R_1M3PdUoKfkTxNKm,,,,,8.727401733,77.68380737,anonymous,EN,1,A1O0B8163G7W0N,1,33,1,2,7,2,3,,,,,,,,,3,4,2,2,4,3,4,2,2,1,1,5,2,5,2,2,3,4,4,2,1,,,C,
7/26/2019 18:31,7/26/2019 19:26,0,108.30.177.144,100,3340,1,7/26/2019 19:26,R_stJdwan01vbKLoR,,,,,40.751297,-73.82440186,anonymous,EN,1,A3RMV9ZGFJ0HHF,1,37,2,2,7,4,4,18.329,18.329,1223.233,1,,,,,2,3,2,3,4,2,2,2,1,5,2,4,4,5,5,3,2,5,2,3,1,,,T1,
7/26/2019 19:16,7/26/2019 19:28,0,122.174.253.102,100,693,1,7/26/2019 19:28,R_Wca6lLE2rf87ckN,,,,,13.08459473,80.24841309,anonymous,EN,1,A5LYLHG880ABE,1,24,1,2,6,2,4,,,,,213.872,213.872,214.183,1,3,3,4,4,4,4,3,3,3,3,4,3,4,3,3,4,3,4,4,3,1,,pavithraannam1995@gmail.com,T2,
7/26/2019 19:13,7/26/2019 19:30,0,24.10.22.33,100,1023,1,7/26/2019 19:30,R_pi94Xvy4dFdlTKp,,,,,38.69670105,-121.3130035,anonymous,EN,1,AKVDY8OXNMQED,1,67,1,5,6,6,1,,,,,0,0,226.135,0,5,3,1,3,4,5,2,3,2,2,1,4,1,2,2,4,4,4,4,3,1,,FAKERS,T2,
7/26/2019 19:10,7/26/2019 19:32,0,49.205.243.174,100,1288,1,7/26/2019 19:32,R_3NCAH2tNUywiJFX,,,,,17.70410156,83.29769897,anonymous,EN,1,A3L3ZFL1NYFTCF,1,33,2,2,9,2,7,,,,,0,0,219.039,0,2,1,2,3,4,5,4,4,2,1,5,3,1,5,5,3,1,1,2,2,1,,,T2,
7/26/2019 18:56,7/26/2019 19:37,0,108.78.187.118,100,2438,1,7/26/2019 19:37,R_r0yiEb7KoAhrQIN,,,,,38.70230103,-90.36440277,anonymous,EN,1,A1UKZZL7ANOZRZ,1,33,1,5,6,7,2,8.534,8.534,959.015,1,,,,,2,3,2,5,4,2,4,1,1,1,1,5,3,5,5,4,4,2,4,4,1,,,T1,
7/26/2019 19:16,7/26/2019 19:43,0,75.190.204.157,100,1620,1,7/26/2019 19:43,R_11bDqCLoWoEZQ9B,,,,,35.40100098,-80.8687973,anonymous,EN,1,A3OLRWACCCCUTU,1,54,2,5,7,9,4,,,,,,,,,2,3,2,2,4,5,2,2,1,1,1,4,3,3,5,4,4,4,5,3,1,,,C,
7/26/2019 18:28,7/26/2019 19:45,0,72.182.197.198,100,4585,1,7/26/2019 19:45,R_3pfBaJULspSoCtF,,,,,32.84890747,-96.96669769,anonymous,EN,1,A2TG7EEQ2XG2IK,1,47,2,3,10,10,5,,,,,,,,,5,3,2,2,4,5,2,2,2,1,4,5,2,3,5,2,3,5,4,2,1,,,C,
7/26/2019 19:23,7/26/2019 20:04,0,117.199.136.247,100,2482,1,7/26/2019 20:04,R_1JF9wgcobEGOGys,,,,,9.919006348,78.11950684,anonymous,EN,1,A1TXOZQU1O4F0N,1,40,1,2,5,1,3,30.561,33.152,1975.187,2,,,,,2,2,2,1,3,2,4,5,5,3,5,3,4,4,2,4,1,4,4,5,1,,sherlin1234@gmail.com,T1,
7/26/2019 19:16,7/26/2019 20:09,0,75.177.139.50,100,3211,1,7/26/2019 20:09,R_AccCDqxBvMOY7nP,,,,,35.71780396,-78.84279633,anonymous,EN,1,A2HOUSKURBF8UA,1,45,1,5,7,2,2,,,,,,,,,2,2,1,2,2,2,2,2,1,1,1,3,3,3,3,3,3,4,4,4,1,,,C,
7/26/2019 19:37,7/26/2019 20:10,0,72.68.90.24,100,1989,1,7/26/2019 20:10,R_2cB2Zq5uBquWASs,,,,,40.84919739,-73.97350311,anonymous,EN,1,A35RZ2HKE9VWJ5,1,35,1,2,9,5,2,,,,,0,0,235.08,0,3,3,1,2,3,2,2,2,1,1,1,3,3,3,1,3,4,5,4,5,1,,,T2,
7/26/2019 19:44,7/26/2019 20:11,0,99.95.254.23,100,1629,1,7/26/2019 20:11,R_3qljC6KXDa6tWU1,,,,,36.20170593,-119.3401947,anonymous,EN,1,A2J6MMNWUJQUXS,1,46,2,5,7,2,5,,,,,2.426,211.486,212.451,3,3,3,3,3,4,2,4,2,2,1,1,4,2,2,5,4,2,2,4,2,1,,,T2,
7/26/2019 20:00,7/26/2019 20:12,0,69.14.189.208,100,732,1,7/26/2019 20:12,R_11gYYOujCb9CmX4,,,,,40.05349731,-83.01869965,anonymous,EN,1,A2APPZDU0VS9LN,1,39,2,5,7,3,5,,,,,0,0,228.848,0,5,2,2,4,5,2,5,2,1,5,2,3,5,5,5,1,4,2,2,3,1,,,T2,
7/26/2019 20:08,7/26/2019 20:23,0,24.18.153.117,100,885,1,7/26/2019 20:23,R_1mniXskGIHW5MMl,,,,,47.32359314,-122.3186951,anonymous,EN,1,A2CK0OXMPOR9LE,1,28,1,5,7,3,4,,,,,,,,,2,3,1,5,4,2,2,3,2,1,1,4,3,3,5,5,2,2,3,5,1,,FAKERS,C,
7/26/2019 19:47,7/26/2019 20:24,0,68.58.174.218,100,2269,1,7/26/2019 20:24,R_QaX0nFNafhFIBwZ,,,,,42.37489319,-83.10870361,anonymous,EN,1,A13FT8BNX9UUP8,1,30,2,3,6,6,1,,,,,,,,,2,4,1,3,3,3,2,2,1,2,1,4,2,3,3,3,3,2,5,5,1,,,C,
7/26/2019 19:46,7/26/2019 20:26,0,172.79.22.170,100,2407,1,7/26/2019 20:26,R_1QFNj1iYZB46R4h,,,,,35.96229553,-85.05139923,anonymous,EN,1,A3DS5B06ZCD3E3,1,43,1,5,5,2,3,15.8,15.8,1083.801,1,,,,,5,3,2,3,3,2,2,2,1,1,3,4,4,4,2,4,4,5,5,3,1,,,T1,
7/26/2019 19:39,7/26/2019 20:29,0,111.92.4.247,100,2994,1,7/26/2019 20:29,R_1itCO4T6RFtHHWc,,,,,8.48550415,76.94918823,anonymous,EN,1,AHEJHFN0VV6E3,1,44,2,2,7,4,3,,,,,,,,,5,4,5,5,4,3,5,3,1,5,5,4,5,5,1,5,5,5,2,5,1,,,C,
7/26/2019 19:39,7/26/2019 20:30,0,122.174.253.95,100,3044,1,7/26/2019 20:30,R_3eqbddu90yYK5ZQ,,,,,13.08459473,80.24841309,anonymous,EN,1,AQD91RFHV1WNE,1,28,1,2,7,2,4,,,,,,,,,1,4,3,2,4,5,4,5,3,2,1,2,3,1,2,3,2,2,1,5,1,,megaladharmaraj1997@gmail.com,C,
7/26/2019 19:47,7/26/2019 20:31,0,137.97.189.68,100,2679,1,7/26/2019 20:31,R_3fvIFyXZpU68XiY,,,,,9.967102051,76.29040527,anonymous,EN,1,A16FY9L7QTDNRW,1,54,1,2,7,1,4,14.582,14.582,1408.873,1,,,,,5,5,4,3,5,2,3,2,1,5,5,5,5,3,3,3,4,4,5,5,1,,rajupeter2000@yahoo.com,T1,
7/26/2019 20:22,7/26/2019 20:37,0,64.46.26.151,100,927,1,7/26/2019 20:37,R_W808AqRH3OjmOl3,,,,,49.28199768,-123.1102982,anonymous,EN,1,A1AEKMIKKEBZLZ,1,28,1,5,8,4,4,,,,,,,,,2,3,2,3,2,2,2,2,1,1,1,3,4,4,4,4,3,5,4,5,1,,It would be nice if the links were clickable! ,C,
7/26/2019 20:10,7/26/2019 20:41,0,199.116.118.246,100,1848,1,7/26/2019 20:41,R_2pW4Unh4pgOny0r,,,,,37.3881073,-121.8755951,anonymous,EN,1,A26UIS59SY4NM6,1,48,1,5,7,3,5,,,,,0,0,208.058,0,1,2,3,2,4,2,2,2,1,1,1,3,3,3,3,3,3,2,4,2,1,,,T2,
7/26/2019 20:05,7/26/2019 20:49,0,67.248.157.116,100,2611,1,7/26/2019 20:49,R_UKoGmJIQ5tMf64F,,,,,43.32380676,-73.67720032,anonymous,EN,1,A2CQP9DZSDUC5V,1,37,2,5,7,4,5,16.944,1112.037,1112.986,5,,,,,5,3,2,5,2,5,5,2,1,1,1,3,3,4,1,3,4,5,4,3,1,,,T1,
7/26/2019 20:46,7/26/2019 20:58,0,184.189.78.205,100,745,1,7/26/2019 20:58,R_3kHcymvANvx45lj,,,,,30.15969849,-92.02580261,anonymous,EN,1,AW0MG225VXWCN,1,32,1,5,5,1,5,,,,,,,,,2,2,3,2,3,2,3,2,1,1,1,2,2,4,5,3,3,2,5,4,1,,,C,
7/26/2019 20:48,7/26/2019 21:00,0,103.99.150.172,100,715,1,7/26/2019 21:00,R_ePSNePao9MROp45,,,,,11.00549316,76.96609497,anonymous,EN,1,A1G10UPKNT2YEX,1,30,1,5,7,4,4,,,,,0,0,205.724,0,4,4,3,5,4,1,2,4,5,4,5,3,4,5,5,3,4,1,3,3,1,,john2@gmail.com,T2,
7/26/2019 20:55,7/26/2019 21:02,0,122.174.253.82,100,414,1,7/26/2019 21:02,R_2ATkJLaz4YZ7p8l,,,,,13.08459473,80.24841309,anonymous,EN,1,A11GWWAXRJQ6Y2,1,1994,1,2,7,2,4,,,,,,,,,2,3,2,1,2,4,2,4,2,2,2,2,3,2,2,2,2,2,2,2,1,,kaviyakrish7@gmail.com,C,
7/26/2019 20:40,7/26/2019 21:16,0,71.102.108.72,100,2164,1,7/26/2019 21:16,R_bj9JciuJfLjU0vf,,,,,41.0664978,-76.24430084,anonymous,EN,1,A19ED8FYO6CA36,1,41,1,5,5,1,4,,,,,0,0,206.56,0,2,3,2,5,3,2,2,2,1,1,1,3,3,4,1,3,2,5,4,4,1,,,T2,
7/26/2019 20:49,7/26/2019 21:18,0,67.249.189.129,100,1701,1,7/26/2019 21:18,R_1o5v9kj2KAWYlFN,,,,,43.03070068,-74.98760223,anonymous,EN,1,A1S88VQY8G8CNC,1,63,1,5,7,3,3,,,,,,,,,2,4,4,2,4,5,2,1,2,2,1,3,5,3,1,3,4,5,3,5,1,,great hit! thanks,C,
7/26/2019 20:49,7/26/2019 21:18,0,103.108.76.22,100,1768,1,7/26/2019 21:18,R_zZ2ic0QRS8tZ1yV,,,,,29.15390015,75.72290039,anonymous,EN,1,A18LFH7XW61JO9,1,30,1,2,9,3,3,22.735,22.735,352.941,1,,,,,2,2,1,3,4,3,4,1,2,2,3,2,2,3,2,5,3,5,4,2,1,,,T1,
7/26/2019 20:46,7/26/2019 21:23,0,205.197.219.74,100,2229,1,7/26/2019 21:23,R_1F2Rz5HuMGcKhpH,,,,,39.97369385,-111.8037033,anonymous,EN,1,A250V0QRCNR17F,1,29,2,5,7,1,1,18.29,18.29,1377.727,1,,,,,5,4,2,2,2,2,4,5,2,1,2,4,2,5,3,5,3,2,4,4,1,,,T1,
7/26/2019 20:53,7/26/2019 21:27,0,32.209.126.236,100,2019,1,7/26/2019 21:27,R_7OnvVUBsKeS3ctz,,,,,41.30810547,-72.92739868,anonymous,EN,1,A37JENVKZQ56U6,1,34,1,5,9,1,5,,,,,22.281,232.192,233.365,4,2,3,2,2,4,2,2,2,1,1,1,3,4,4,3,2,3,4,4,3,1,,,T2,
7/26/2019 20:57,7/26/2019 21:39,0,107.77.237.166,100,2499,1,7/26/2019 21:39,R_3EQBgmO5Hpm2Y0J,,,,,33.74850464,-84.38710022,anonymous,EN,1,A1DX8T0U3UTD0R,1,38,1,5,6,3,1,,,,,0,0,228.133,0,2,5,2,5,4,2,2,2,2,1,2,2,4,5,3,5,5,2,4,4,1,,,T2,
7/26/2019 21:18,7/26/2019 21:40,0,75.89.132.108,100,1356,1,7/26/2019 21:40,R_1r7lJV1AfhFYkTE,,,,,37.88679504,-84.5667038,anonymous,EN,1,A70L26UXLTGLC,1,43,1,5,7,2,1,,,,,0,0,230.335,0,2,4,3,3,5,5,3,3,1,1,5,5,4,3,3,5,4,4,5,5,1,,,T2,
7/26/2019 21:35,7/26/2019 22:03,0,157.51.224.178,100,1687,1,7/26/2019 22:03,R_1K7HRSbOJvbojE8,,,,,13.08459473,80.24841309,anonymous,EN,1,A3OOGICWSLXYB0,1,25,2,2,9,1,4,,,,,,,,,1,2,3,3,5,2,3,1,3,2,4,5,3,5,5,4,3,1,2,5,1,,,C,
7/26/2019 21:15,7/26/2019 22:08,0,108.224.142.22,100,3206,1,7/26/2019 22:08,R_AjHRj0LV9ACZXIl,,,,,36.66769409,-121.6595993,anonymous,EN,1,AZM3H44W1D65P,1,31,2,4,6,2,3,20.31,20.31,1525.84,1,,,,,5,2,4,5,3,5,3,2,2,1,2,3,1,2,3,3,4,5,4,3,1,,,T1,
7/26/2019 21:52,7/26/2019 22:13,0,70.124.209.202,100,1280,1,7/26/2019 22:13,R_W7ovmHTUm4mttuN,,,,,30.09590149,-94.16889954,anonymous,EN,1,A1RWNYJA5X25YH,1,69,2,5,5,2,2,,,,,,,,,5,5,1,2,5,2,1,4,1,2,1,4,3,3,3,4,4,5,5,5,1,,THANK YOU,C,
7/26/2019 21:59,7/26/2019 22:19,0,108.224.155.0,100,1156,1,7/26/2019 22:19,R_2yl2zalb1HDV8uh,,,,,41.94090271,-87.65319824,anonymous,EN,1,A3MS21UJPMHLK0,1,36,2,5,7,6,5,,,,,0,0,248.743,0,3,3,5,2,4,2,3,3,1,5,4,3,2,4,3,5,4,5,2,1,1,,,T2,
7/26/2019 20:51,7/26/2019 22:28,0,73.242.10.66,100,5831,1,7/26/2019 22:28,R_Qh4n49Z5MIqu76x,,,,,44.93539429,-93.16940308,anonymous,EN,1,A26L91YL0GDGD8,1,53,2,5,6,2,4,323.235,380.068,1926.633,2,,,,,2,2,4,5,5,5,1,5,5,2,3,3,3,2,1,3,2,2,5,5,1,,,T1,
7/26/2019 21:46,7/26/2019 22:40,0,49.205.55.205,100,3280,1,7/26/2019 22:40,R_1oBZkuIBplBeSA6,,,,,11.00549316,76.96609497,anonymous,EN,1,A1ELYVM5GQIBM0,1,40,1,2,9,2,5,,,,,0,0,206.35,0,2,3,2,2,2,1,2,3,5,1,5,2,5,5,5,5,3,4,4,5,1,,,T2,
7/26/2019 21:43,7/26/2019 22:42,0,106.220.131.137,100,3528,1,7/26/2019 22:42,R_24GymP8SfMEWNPw,,,,,18.51330566,73.84989929,anonymous,EN,1,AOUMYCLO4I993,1,35,1,2,7,3,6,38.792,107.624,495.741,9,,,,,5,4,2,5,3,2,3,2,1,1,5,3,3,2,3,5,4,1,4,5,1,,,T1,
7/20/2019 11:09,7/20/2019 11:13,0,67.245.212.31,39,271,0,7/27/2019 11:13,R_2YtR0C7w5THjYJ6,,,,,,,anonymous,EN,1,A147F5PJTHOB8A,1,42,1,5,5,4,5,,,,,0,0,206.341,0,,,,,,,,,,,,,,,,,,,,,,,,T2,
7/20/2019 11:09,7/20/2019 11:19,0,66.91.211.85,42,611,0,7/27/2019 11:19,R_1QKlNZeXpuuQAin,,,,,,,anonymous,EN,1,AV22FQTJNBUZT,1,38,2,5,7,3,5,0,0,511.149,0,,,,,,,,,,,,,,,,,,,,5,,,,,,,,T1,
7/20/2019 11:39,7/20/2019 11:49,0,24.13.174.184,39,590,0,7/27/2019 11:49,R_6YBX5N56sRiGgVz,,,,,,,anonymous,EN,1,APGX2WZ59OWDN,1,25,2,5,7,2,5,3.953,8.921,525.069,6,,,,,,,,,,,,,,,,,,,,,,,,,,,,T1,
7/20/2019 12:12,7/20/2019 12:14,0,24.13.174.184,29,83,0,7/27/2019 12:14,R_8cu5rjEkSKJY3rr,,,,,,,anonymous,EN,1,APGX2WZ59OWDN,1,25,2,5,7,2,5,,,,,,,,,,,,,,,,,,,,,,,,,,,,,,,,T2,
7/20/2019 12:10,7/20/2019 12:16,8,24.13.174.184,29,309,0,7/27/2019 12:16,R_2dMxpry0njcFivc,,,,,,,anonymous,EN,1,APGX2WZ59OWDN,1,25,2,5,7,2,5,,,,,,,,,,,,,,,,,,,,,,,,,,,,,,,,T2,
7/20/2019 12:13,7/20/2019 12:16,8,24.13.174.184,37,147,0,7/27/2019 12:16,R_2XbWfEtbRMt0Nmn,,,,,,,anonymous,EN,1,APGX2WZ59OWDN,1,25,2,5,7,2,5,,,,,,,,,,,,,,,,,,,,,,,,,,,,,,,,C,
7/27/2019 14:52,7/27/2019 15:04,0,66.182.118.25,100,688,1,7/27/2019 15:04,R_2sRsDt7GkPYCKQ5,,,,,33.0072937,-111.9324036,anonymous,EN,1,A18JA2145UWXG,1,32,1,5,5,4,2,,,,,,,,,5,3,3,2,2,2,2,2,1,5,5,4,4,5,2,4,3,5,4,4,1,,,C,
7/27/2019 14:52,7/27/2019 15:07,0,98.237.122.126,100,922,1,7/27/2019 15:07,R_eyUsspQVmGTKait,,,,,39.9552002,-76.66529846,anonymous,EN,1,A144OK7GGOQZKS,1,30,2,2,5,3,6,,,,,0,0,204.484,0,3,3,2,2,3,2,2,2,1,1,1,4,5,4,2,3,3,5,5,3,1,,,T2,
7/27/2019 14:55,7/27/2019 15:07,0,75.172.164.135,100,758,1,7/27/2019 15:07,R_2SiDQfO94E7lxR4,,,,,47.7467041,-122.3685989,anonymous,EN,1,A1FVXS8IM5QYO8,1,53,2,5,6,3,5,,,,,,,,,2,2,4,3,2,5,2,3,1,1,1,4,3,5,3,3,3,5,5,4,1,,,C,
7/27/2019 14:51,7/27/2019 15:08,0,76.20.214.200,100,1004,1,7/27/2019 15:08,R_pg68s5RvD2JYDAt,,,,,33.89920044,-84.85720062,anonymous,EN,1,A28L1K6D8QUCML,1,43,2,5,7,3,2,14.965,14.965,250.739,1,,,,,2,3,2,5,4,5,2,2,1,1,1,3,5,2,3,3,5,1,5,3,1,,,T1,
7/27/2019 14:57,7/27/2019 15:08,0,137.119.209.22,100,699,1,7/27/2019 15:08,R_2S8eSOK49adWYjA,,,,,35.76679993,-85.67880249,anonymous,EN,1,A2YYQJ3JWA2KGD,1,36,2,5,5,1,5,,,,,0,0,208.776,0,5,3,1,5,4,2,2,4,1,1,2,4,3,5,3,3,4,3,4,3,1,,,T2,
7/27/2019 14:50,7/27/2019 15:13,0,216.106.224.42,100,1357,1,7/27/2019 15:13,R_3NvRqYQ1D91JJ3d,,,,,43.5316925,-96.24389648,anonymous,EN,1,A2ZJS73XSSMRTD,1,30,1,5,3,4,4,,,,,,,,,5,1,1,1,5,2,5,3,1,1,2,1,4,2,3,5,2,5,4,4,1,,,C,
7/25/2019 19:16,7/27/2019 15:13,0,99.100.238.66,100,158237,1,7/27/2019 15:13,R_DI58zcbG3nBWYRX,,,,,42.61239624,-83.03450012,anonymous,EN,1,A33VGSEJ44ORMF,1,54,2,5,7,6,3,,,,,0,0,209.28,0,5,2,2,5,5,5,2,2,5,1,5,3,5,5,3,5,4,5,5,5,1,,,T2,
7/27/2019 15:00,7/27/2019 15:19,0,70.44.66.101,100,1130,1,7/27/2019 15:19,R_3CH08Rx6gTBpZeX,,,,,40.83250427,-75.70140076,anonymous,EN,1,AV5DCU1VH5S34,1,47,2,5,7,3,3,,,,,,,,,5,3,2,4,5,5,3,4,1,2,4,3,5,2,3,5,4,5,4,5,1,,,C,
7/27/2019 14:57,7/27/2019 15:19,0,123.231.108.118,100,1343,1,7/27/2019 15:19,R_1QuSjZJex6lplM5,,,,,6.875305176,79.8611145,anonymous,EN,1,A18MC27WTCEBA2,1,31,1,2,7,1,3,,,,,0,0,208.341,0,5,2,4,5,5,2,2,2,2,1,1,2,5,5,1,2,3,3,3,2,1,,No,T2,
7/27/2019 15:12,7/27/2019 15:28,0,68.56.72.30,100,982,1,7/27/2019 15:28,R_2TZQL3Lw9OWtDlj,,,,,42.91329956,-85.8144989,anonymous,EN,1,AV3GP5YAMSMSL,1,29,1,5,6,2,5,,,,,209.239,210.573,211.627,3,2,3,5,2,2,2,4,2,1,5,1,3,2,4,1,3,3,1,5,3,1,,,T2,
7/27/2019 14:53,7/27/2019 15:35,0,70.95.78.40,100,2499,1,7/27/2019 15:35,R_3LcLWLLXkFyPlhr,,,,,32.95109558,-117.2240982,anonymous,EN,1,A34DWBBWZRLO1X,1,58,2,5,7,8,5,94.004,94.004,1023.218,1,,,,,5,3,2,3,5,2,2,2,1,1,1,5,5,3,5,3,3,5,5,4,1,,,T1,
7/27/2019 15:05,7/27/2019 15:37,0,69.23.208.152,100,1957,1,7/27/2019 15:37,R_qC7l4ED3zfjdJzb,,,,,38.99240112,-84.64620209,anonymous,EN,1,A1MJHGH55K3O0,1,30,2,5,7,2,5,,,,,0,0,207.369,0,3,2,3,5,2,2,3,3,1,1,3,3,2,4,3,3,3,3,4,3,1,,,T2,
7/27/2019 15:11,7/27/2019 15:40,0,74.134.75.252,100,1718,1,7/27/2019 15:40,R_1CyECJyFeuT8QoH,,,,,38.00120544,-84.53250122,anonymous,EN,1,A3U21PUMQ6NGT2,1,37,2,5,6,2,5,,,,,0,0,205.853,0,2,3,3,2,5,2,2,3,1,1,1,3,3,3,3,3,3,5,5,3,1,,,T2,
7/27/2019 15:01,7/27/2019 15:42,0,73.26.185.245,100,2498,1,7/27/2019 15:42,R_3JwuZFQrs0PmxsV,,,,,32.32440186,-106.6682968,anonymous,EN,1,A3I9XLIHPPWPN1,1,55,2,5,7,1,4,,,,,0,0,216.467,0,5,5,3,5,2,2,3,2,1,2,1,5,5,3,5,3,5,5,5,3,1,,,T2,
7/27/2019 15:02,7/27/2019 15:45,0,35.136.228.233,100,2567,1,7/27/2019 15:45,R_10BjjIFRkO4z7Ew,,,,,28.92840576,-82.49210358,anonymous,EN,1,A1R0689JPSQ3OF,1,46,1,2,7,1,3,28.002,28.002,1097.463,1,,,,,3,4,3,2,4,2,2,2,1,1,1,5,5,3,3,3,5,5,4,5,1,,,T1,
7/27/2019 14:57,7/27/2019 15:46,0,173.94.144.4,100,2933,1,7/27/2019 15:46,R_6hDNywQ5ZLxiivT,,,,,36.50019836,-80.61630249,anonymous,EN,1,A10BH9PYCYUKDJ,1,39,2,3,6,2,5,24.119,24.119,1448.473,1,,,,,5,2,3,2,3,1,2,2,1,1,1,3,3,5,3,2,2,4,2,3,1,,,T1,
7/27/2019 14:50,7/27/2019 15:46,0,173.73.116.159,100,3347,1,7/27/2019 15:46,R_1PZROXJY1IV9ip6,,,,,38.88650513,-77.0911026,anonymous,EN,1,A2LV5432PV1S39,1,32,1,5,7,3,2,,,,,0,0,205.66,0,2,3,4,3,4,2,2,2,1,1,5,3,4,5,1,5,2,5,4,4,1,,FAKERS,T2,
7/27/2019 15:09,7/27/2019 15:48,0,162.216.143.21,100,2339,1,7/27/2019 15:48,R_1gnZLOLhuUCKdZE,,,,,9.919006348,78.11950684,anonymous,EN,1,A2DQPRIY1W73NY,1,39,1,2,7,2,1,3.979,3.979,1131.016,1,,,,,2,3,2,1,4,5,5,4,3,2,1,2,1,5,2,2,2,4,2,4,1,,,T1,
7/27/2019 15:11,7/27/2019 15:51,0,108.201.15.80,100,2403,1,7/27/2019 15:51,R_2YV6E3Ed9xXdVKp,,,,,39.71839905,-82.6072998,anonymous,EN,1,AZACNY1H74YWS,1,66,2,5,7,2,4,27.73,27.73,982.057,1,,,,,2,3,2,3,3,2,2,2,5,1,1,4,4,3,5,3,2,5,4,4,1,,,T1,
7/27/2019 15:06,7/27/2019 15:55,0,97.83.106.153,100,2954,1,7/27/2019 15:55,R_3HAetgZ4Chg6vmi,,,,,45.355896,-84.91329956,anonymous,EN,1,A2WNW8A4MOR7T7,1,54,1,5,6,2,3,,,,,,,,,2,5,2,3,2,2,2,2,1,1,2,3,3,2,3,3,3,5,5,5,1,,,C,
7/27/2019 15:33,7/27/2019 15:56,0,67.255.242.198,100,1410,1,7/27/2019 15:56,R_5mPTgkNxoOpJvep,,,,,42.96270752,-72.29550171,anonymous,EN,1,A18WKVB9OP0FAR,1,48,2,5,7,2,4,,,,,0,0,207.544,0,5,4,2,2,4,2,2,2,1,1,1,5,4,5,3,2,3,2,5,2,1,,,T2,
7/27/2019 15:18,7/27/2019 15:59,0,67.253.150.127,100,2436,1,7/27/2019 15:59,R_1l9IVzhMVgFDjnw,,,,,42.96949768,-77.57810211,anonymous,EN,1,A1EI4NMV2EHSIY,1,49,2,5,6,3,3,,,,,,,,,3,4,3,2,3,2,2,2,1,1,1,2,3,4,4,3,3,5,4,3,1,,One of the links to an Abortion article redirects to a browser hijack site!,C,
7/27/2019 15:23,7/27/2019 16:01,0,68.59.231.210,100,2271,1,7/27/2019 16:01,R_1nYBmtLcjjkuMQi,,,,,35.45570374,-84.6026001,anonymous,EN,1,A3QC57KUVJP5EW,1,28,1,5,5,3,2,,,,,0,0,207.212,0,2,2,3,3,3,2,2,2,1,1,1,4,4,3,4,2,3,5,3,4,1,,,T2,
7/27/2019 15:11,7/27/2019 16:01,0,174.54.143.205,100,3008,1,7/27/2019 16:01,R_1Craw4aAdjOdGH4,,,,,41.41389465,-75.68270111,anonymous,EN,1,A9U083CH5ATKH,1,40,2,5,5,2,3,,,,,,,,,5,2,3,5,4,3,2,2,5,5,1,3,3,3,3,3,2,5,5,5,1,,,C,
7/27/2019 15:41,7/27/2019 16:03,0,66.191.255.194,100,1305,1,7/27/2019 16:03,R_1Cljkuo4OLAj1s6,,,,,36.52400208,-82.51629639,anonymous,EN,1,A2L366NNL1YG5W,1,37,2,4,5,2,4,8.773,8.773,281.637,1,,,,,5,4,3,3,4,1,4,1,5,2,5,3,3,3,2,3,2,2,5,2,1,,,T1,
7/27/2019 14:52,7/27/2019 16:05,0,50.81.178.23,100,4354,1,7/27/2019 16:05,R_3RyDnGSX9mGFrHC,,,,,32.478302,-84.89849854,anonymous,EN,1,A2JZQHB8N6LS7T,1,28,2,3,5,1,5,,,,,,,,,5,2,2,3,2,5,2,3,1,1,3,4,5,2,3,3,3,2,4,5,1,,,C,
7/27/2019 16:03,7/27/2019 16:18,0,148.74.67.218,100,951,1,7/27/2019 16:18,R_2UXYe6zutOYt0hQ,,,,,40.69140625,-73.37280273,anonymous,EN,1,A1V2M2C00I5SWW,1,41,1,5,6,3,4,,,,,,,,,3,4,3,2,2,2,3,3,1,1,1,5,2,4,3,4,2,5,4,5,1,,Interesting and fun task.  Thanks!,C,
7/27/2019 15:17,7/27/2019 16:20,0,73.99.89.46,100,3800,1,7/27/2019 16:20,R_bOPvleYKGHzZLlD,,,,,38.09359741,-78.56230164,anonymous,EN,1,A3Q8KB8HOOIUL7,1,53,2,3,6,1,1,8.865,191.471,1453.828,5,,,,,2,2,5,5,4,2,3,5,1,2,2,4,2,3,3,3,3,5,4,5,1,,,T1,
7/27/2019 15:34,7/27/2019 16:24,0,207.255.241.23,100,3010,1,7/27/2019 16:24,R_28UlsutDdAzqwNR,,,,,39.88969421,-79.72820282,anonymous,EN,1,A2H8GNSEVUJXYL,1,59,1,5,7,1,2,,,,,,,,,2,5,2,2,5,3,2,2,1,1,1,5,3,4,4,3,4,4,4,4,1,,,C,
7/27/2019 15:57,7/27/2019 16:38,0,68.202.97.31,100,2476,1,7/27/2019 16:38,R_XYvrWR37JbeRDBT,,,,,28.90249634,-81.2480011,anonymous,EN,1,A309BLCQJHQULO,1,55,2,5,6,4,5,,,,,,,,,5,2,2,3,3,3,2,2,1,1,1,3,5,5,1,3,3,5,5,5,1,,fun!,C,
7/27/2019 15:28,7/27/2019 16:48,0,70.114.242.25,100,4751,1,7/27/2019 16:48,R_1QuVVcmN7AbSXfL,,,,,30.21330261,-97.853302,anonymous,EN,1,A2I71A09DUDQR9,1,35,2,4,7,2,4,11.574,12.809,1007.205,2,,,,,3,4,2,2,3,2,3,2,1,1,1,5,4,3,4,3,4,5,4,4,1,,,T1,
7/27/2019 15:55,7/27/2019 16:48,0,173.185.22.35,100,3199,1,7/27/2019 16:48,R_2axa1zjLemmrMhh,,,,,29.57989502,-95.60849762,anonymous,EN,1,A2HM35CWB7IIFM,1,55,2,5,7,3,5,,,,,3.004,3.004,213.429,1,3,3,3,4,3,3,3,2,1,1,1,4,4,4,1,3,3,5,4,3,1,,"hard to classify articles consisting mainly of quotes of biased people. obviously slanted, but the quotes were actually said; I regard that as implicit bias.",T2,
7/27/2019 15:36,7/27/2019 16:49,0,73.237.17.160,100,4378,1,7/27/2019 16:49,R_3lLC71UpLdOrPG8,,,,,34.12600708,-84.57520294,anonymous,EN,1,A3CYV47MM7OA6M,1,44,2,5,7,4,5,,,,,2.724,2.724,239.957,1,5,3,3,5,2,3,4,2,1,1,1,4,4,5,3,3,4,5,5,4,1,,,T2,
7/27/2019 16:28,7/27/2019 16:51,0,162.251.221.196,100,1393,1,7/27/2019 16:51,R_3FXa1pG7xGSyf7G,,,,,36.5756073,-86.23529816,anonymous,EN,1,A3O81LHBBI8NPK,1,35,2,5,6,3,3,5.302,5.302,912.649,1,,,,,5,2,2,3,5,5,3,3,5,1,2,3,3,4,5,3,2,5,5,5,1,,,T1,
7/27/2019 15:33,7/27/2019 16:59,0,98.230.235.40,100,5150,1,7/27/2019 16:59,R_20ZrssVkGny7aFx,,,,,32.71470642,-79.95259857,anonymous,EN,1,A37WDOIQH6JM6V,1,49,2,5,6,2,2,24.417,24.417,1345.147,1,,,,,3,4,2,2,5,2,3,2,1,1,1,5,3,4,3,3,4,5,4,4,1,,,T1,
7/27/2019 16:48,7/27/2019 17:04,0,64.130.188.136,100,949,1,7/27/2019 17:04,R_1DOVXGWV7sOv7Nf,,,,,37.41650391,-85.73079681,anonymous,EN,1,A1NZFJHVJ9CNTO,1,29,1,5,5,1,5,,,,,0,0,203.598,0,2,2,2,2,4,5,2,5,1,1,1,5,2,2,3,3,5,2,5,2,1,,jessieocklveco@hotmail.com,T2,
7/27/2019 17:11,7/27/2019 17:24,0,73.95.135.69,100,723,1,7/27/2019 17:24,R_21AtAljS5oP9n2i,,,,,39.69929504,-104.8814011,anonymous,EN,1,ALML8V38FDV0,1,54,2,2,7,6,5,,,,,,,,,4,5,4,1,5,3,4,5,2,3,5,4,2,3,4,2,2,5,2,3,1,,,C,
7/27/2019 17:15,7/27/2019 17:47,0,24.90.185.168,100,1927,1,7/27/2019 17:47,R_2VDsw1b3RPhrRAf,,,,,40.71229553,-73.79850006,anonymous,EN,1,A2JLNI234KEKKE,1,32,2,2,8,1,4,15.447,15.447,246.607,1,,,,,4,3,4,2,4,5,3,2,1,1,1,3,4,3,3,4,3,5,3,5,1,,No feedback.,T1,
7/27/2019 17:56,7/27/2019 18:32,0,192.81.179.4,100,2156,1,7/27/2019 18:32,R_d6TmFVceQ4NFt2F,,,,,36.39419556,-78.98629761,anonymous,EN,1,A27PVIL93ZMY46,1,39,2,5,5,2,4,,,,,,,,,5,3,3,3,4,2,2,2,1,1,1,5,3,5,1,4,4,5,4,3,1,,,C,
7/27/2019 19:17,7/27/2019 19:38,0,71.214.4.151,100,1255,1,7/27/2019 19:38,R_2EuX9qtlKp4t443,,,,,28.71679688,-81.41259766,anonymous,EN,1,A3862RIFFUV141,1,48,1,5,6,2,5,,,,,0,0,239.71,0,2,4,2,5,4,3,1,3,1,1,1,3,3,4,2,3,4,2,4,3,1,,,T2,
7/27/2019 18:59,7/27/2019 19:50,0,98.181.224.92,100,3080,1,7/27/2019 19:50,R_cO38tPWAoYvsD4Z,,,,,36.12199402,-115.0859985,anonymous,EN,1,A14A8J5H98KLO6,1,46,1,2,6,3,3,,,,,0,0,209.179,0,3,2,3,5,4,3,3,3,1,1,1,4,5,3,3,4,4,5,5,4,1,,,T2,
7/27/2019 19:01,7/27/2019 19:57,0,115.99.248.68,100,3401,1,7/27/2019 19:57,R_21ARu1HyKFCIQXb,,,,,12.97709656,77.58709717,anonymous,EN,1,A1NF6PELRKACS9,1,54,1,2,7,2,3,9.496,9.496,1487.558,1,,,,,5,3,2,2,4,1,4,2,1,1,1,3,3,2,1,3,2,4,4,3,1,,,T1,
7/27/2019 19:11,7/27/2019 19:57,0,23.125.192.243,100,2762,1,7/27/2019 19:57,R_3EfNoOK64GBKruR,,,,,35.48370361,-80.9897995,anonymous,EN,1,ABQ65VUI4C9RK,1,45,1,5,6,1,3,,,,,,,,,5,4,3,5,3,2,2,3,1,1,1,4,5,3,3,3,2,2,4,3,1,,,C,
7/27/2019 19:42,7/27/2019 19:59,0,96.246.214.157,100,1051,1,7/27/2019 19:59,R_2wQBaMPu8jZ8Ywh,,,,,40.76370239,-73.76950073,anonymous,EN,1,A2JPOXYZM5AJZZ,1,46,1,2,7,4,4,,,,,0,0,203.268,0,3,2,3,2,4,2,2,4,1,5,1,3,3,3,3,3,4,4,4,3,1,,,T2,
7/27/2019 18:42,7/27/2019 20:10,0,108.39.198.21,100,5234,1,7/27/2019 20:10,R_2Pj5502SdQD3Tac,,,,,40.37480164,-80.07309723,anonymous,EN,1,A2F0X4LN9N4O4C,1,55,2,5,9,3,3,11.845,11.845,688.863,1,,,,,5,4,2,5,4,2,5,2,1,2,3,5,2,2,1,5,3,4,4,3,1,,,T1,
7/27/2019 19:46,7/27/2019 20:23,0,173.28.234.142,100,2224,1,7/27/2019 20:23,R_2B3bGr6oQjb7zGx,,,,,32.478302,-84.89849854,anonymous,EN,1,AV3CA0IYNRCCJ,1,62,2,3,7,1,3,,,,,,,,,2,2,3,3,3,2,2,2,1,2,1,5,3,5,5,3,3,5,5,2,1,,,C,
7/27/2019 19:41,7/27/2019 20:32,0,49.204.226.254,100,3064,1,7/27/2019 20:32,R_3ekS86DvI6tfSlc,,,,,17.38409424,78.45639038,anonymous,EN,1,A1MIR0TP081SKT,1,30,2,2,9,1,5,24.168,24.168,1608.214,1,,,,,3,3,2,5,1,2,1,3,1,5,2,4,4,2,2,4,2,2,4,3,1,,,T1,
7/27/2019 19:17,7/27/2019 20:32,0,96.234.52.56,100,4513,1,7/27/2019 20:32,R_9WTdWiyp62HeuJ3,,,,,40.65299988,-74.26100159,anonymous,EN,1,A5V3ZMQI0PU3F,1,56,2,3,7,4,4,15.695,19.952,352.905,5,,,,,2,3,3,2,3,1,2,2,1,2,1,5,5,4,5,3,4,5,5,4,1,,,T1,
7/27/2019 22:57,7/27/2019 22:57,1,,100,5,1,7/27/2019 22:57,R_24eDpziHMmWF7CB,,,,,33.99549866,-118.4644012,preview,EN,2,,,,,,,,,,,,,,,,,,,,,,,,,,,,,,,,,,,,,,,,T1,
7/27/2019 23:10,7/27/2019 23:35,0,208.107.149.53,100,1513,1,7/27/2019 23:35,R_VRs8LGpkWowEeZz,,,,,46.83929443,-100.7819977,anonymous,EN,1,A6PPB69C6ZJHN,1,32,1,2,7,3,3,12.375,12.375,751.129,1,,,,,2,2,2,2,4,2,4,2,1,1,4,4,2,5,5,4,2,5,5,3,1,,,T1,
7/27/2019 23:19,7/28/2019 0:02,0,223.181.234.238,100,2608,1,7/28/2019 0:02,R_tDIz774JiWmQkLL,,,,,11.00549316,76.96609497,anonymous,EN,1,A4T7PYGN1BE2P,1,31,1,2,7,1,3,,,,,18.098,18.098,247.038,1,2,2,2,3,4,5,2,2,1,3,2,3,5,1,1,5,5,5,2,5,1,,siva.turk@gmail.com,T2,
7/28/2019 0:08,7/28/2019 0:22,0,4.15.116.166,100,818,1,7/28/2019 0:22,R_sYHAaIBL3jKSf0l,,,,,30.27119446,-81.75289917,anonymous,EN,1,A1B5SSGMTAQ9B5,1,38,2,5,9,4,2,,,,,59.63,61.796,237.831,2,5,1,3,5,3,5,3,3,1,1,5,4,5,4,5,5,4,2,4,4,1,,,T2,
7/27/2019 23:42,7/28/2019 0:22,0,114.143.93.137,100,2400,1,7/28/2019 0:22,R_qDyV25Gj2us4Ojv,,,,,18.98779297,72.83639526,anonymous,EN,1,A2J237J8KM3OCS,1,38,1,2,7,5,5,,,,,0,0,226.303,0,5,5,4,5,4,1,2,4,3,3,2,5,2,2,5,5,3,4,5,3,1,,,T2,
7/28/2019 0:07,7/28/2019 0:29,0,50.113.37.163,100,1335,1,7/28/2019 0:29,R_2Sw3S1gUyUZskjP,,,,,21.29980469,-157.8439026,anonymous,EN,1,A2OJ5XOEKTKRR9,1,34,1,2,7,5,4,4.565,4.565,873.74,1,,,,,2,3,1,2,3,2,3,2,5,1,2,4,4,5,3,3,4,5,4,3,1,,,T1,
7/27/2019 23:19,7/28/2019 0:50,0,106.198.12.23,100,5456,1,7/28/2019 0:50,R_3sAKc8N6pYKBRna,,,,,11.00549316,76.96609497,anonymous,EN,1,A28PS7TGEQCFT4,1,29,1,1,9,3,4,,,,,65.256,65.256,210.582,1,2,4,2,5,4,1,5,1,2,1,5,4,4,5,5,3,3,4,4,3,1,,Thank you,T2,
7/27/2019 23:23,7/28/2019 0:53,0,157.40.24.251,100,5434,1,7/28/2019 0:53,R_28YColTlMjj3ZUk,,,,,22.56260681,88.36300659,anonymous,EN,1,A3O8ERBO9IG8N4,1,35,1,2,9,2,4,,,,,,,,,5,4,2,3,3,5,3,3,1,5,2,1,5,1,2,3,3,4,3,5,1,,saihai.85@yahoo.com,C,
7/28/2019 0:38,7/28/2019 0:55,0,24.44.208.56,100,1053,1,7/28/2019 0:55,R_3HviVv0yLuD4yXh,,,,,41.03430176,-74.03959656,anonymous,EN,1,A1GPZ5REMDQZ0L,1,32,1,5,7,2,4,,,,,9.01,9.01,246.191,1,2,2,2,3,3,2,2,2,1,1,1,2,2,3,3,3,2,5,4,3,1,,,T2,
7/28/2019 0:01,7/28/2019 0:55,0,162.243.33.234,100,3239,1,7/28/2019 0:55,R_1cSKPV3AUiiHmeo,,,,,40.73080444,-73.99749756,anonymous,EN,1,A3VOMP0WOJTB4I,1,29,2,5,7,3,5,,,,,1.714,27.101,247.117,4,3,4,4,1,4,3,1,2,2,5,2,4,1,2,2,2,5,2,5,2,1,,This survey was good.,T2,
7/27/2019 23:36,7/28/2019 1:02,0,157.51.244.4,100,5206,1,7/28/2019 1:02,R_3EA8qess3R4JJxl,,,,,13.08459473,80.24841309,anonymous,EN,1,A2ZX69756WSLQ4,1,37,1,2,7,1,6,40.681,40.681,1279.2,1,,,,,1,4,2,5,4,1,5,2,2,1,5,4,4,4,3,4,3,4,4,3,1,,,T1,
7/28/2019 0:39,7/28/2019 1:39,0,117.206.141.223,100,3625,1,7/28/2019 1:39,R_39RaBk4Lwk6bUit,,,,,10.3578949,77.97189331,anonymous,EN,1,AM0JKZVOEOTMA,1,34,1,2,7,1,3,,,,,,,,,5,4,3,3,4,2,3,2,3,5,1,5,3,3,2,2,5,5,3,3,1,,,C,
7/28/2019 0:11,7/28/2019 1:48,0,202.133.60.99,100,5855,1,7/28/2019 1:48,R_1k16NLIcimk00m0,,,,,17.39729309,78.4079895,anonymous,EN,1,A2J7L7S9GCPJ8V,1,36,2,2,9,2,3,4.36,48.485,608.875,2,,,,,5,2,5,5,4,5,3,2,1,1,5,2,4,4,5,3,2,4,5,5,1,,Thanks!,T1,
7/28/2019 0:38,7/28/2019 2:22,0,77.111.246.64,100,6238,1,7/28/2019 2:22,R_3P2rvoAtbwCOWqt,,,,,37.75100708,-97.8219986,anonymous,EN,1,AAWX7QFQUNM6D,1,33,1,6,5,10,2,27.24,27.24,1611.885,1,,,,,5,5,3,3,4,3,4,2,2,1,1,4,5,5,5,1,3,5,4,3,1,,"The base pay for this task should have been $5. Anyway, I would like to know the correct answer for all the articles so that I can know whether or not I answered them correctly. Please email them to me immediately (else I may forget what I'd answered). My email ID is iluvmturk@gmail.com",T1,
7/28/2019 1:54,7/28/2019 2:35,0,73.12.210.136,100,2414,1,7/28/2019 2:35,R_V3XW189gNzc4dfb,,,,,37.97860718,-121.3146973,anonymous,EN,1,A3J9EHZQ9PERAX,1,59,2,5,6,3,3,,,,,0,0,247.108,0,5,2,2,2,4,2,2,2,1,1,2,3,2,5,3,5,2,5,4,3,1,,,T2,
7/28/2019 2:00,7/28/2019 2:39,0,98.144.251.73,100,2355,1,7/28/2019 2:39,R_1gdQeoIOvERFphq,,,,,42.88949585,-87.90740204,anonymous,EN,1,A37WXDYYT7RCZ0,1,37,1,5,9,1,4,409.012,409.012,558.187,1,,,,,4,3,2,2,3,2,2,2,1,1,1,3,3,3,3,4,2,3,4,2,1,,,T1,
7/28/2019 1:37,7/28/2019 2:50,0,5.178.50.147,100,4370,1,7/28/2019 2:50,R_A7GPkCaGABZN4DT,,,,,48.93710327,21.91630554,anonymous,EN,1,A9WIOFVRSYW3L,1,42,2,5,7,3,4,,,,,0,0,215.55,0,4,3,3,3,3,2,3,2,1,1,1,5,4,3,2,4,4,4,4,4,1,,lada.spisakova@gmail.com,T2,
7/28/2019 2:23,7/28/2019 3:05,0,76.217.241.48,100,2552,1,7/28/2019 3:05,R_3qNzr3WZYz7Vvie,,,,,39.73899841,-84.08560181,anonymous,EN,1,A2EDI66B0KTBEH,1,48,2,5,7,5,2,,,,,,,,,5,3,2,3,2,5,2,3,1,1,1,3,4,5,3,4,2,4,3,5,1,,,C,
7/28/2019 1:54,7/28/2019 3:14,0,47.31.142.222,100,4846,1,7/28/2019 3:14,R_RRHJsrBknbA5vPj,,,,,28.60139465,77.19891357,anonymous,EN,1,A3DZGDF9HCTAOB,1,50,2,2,9,5,6,,,,,,,,,5,4,2,5,4,2,5,3,2,5,3,3,3,5,1,3,2,4,4,3,1,,"I would like to know which of my categorizations are correct with the articles included, if possible. I am curious to know about it and would like to improve my performance in such kinds of work. Thank you.",C,
7/28/2019 2:58,7/28/2019 3:29,0,76.94.241.131,100,1887,1,7/28/2019 3:29,R_3dQ9d7GDmakplhC,,,,,34.28269958,-118.8874969,anonymous,EN,1,A3GNQDFPZALU92,1,32,1,5,7,3,5,18.812,18.812,1110.986,1,,,,,3,5,1,4,5,2,3,2,1,1,1,4,4,5,3,3,5,5,4,4,1,,,T1,
7/28/2019 2:58,7/28/2019 3:42,0,24.198.188.151,100,2649,1,7/28/2019 3:42,R_1NxqcXsvZQH8kvs,,,,,44.32330322,-69.76869965,anonymous,EN,1,A36H3PO6JZD414,1,53,1,5,5,3,2,,,,,0,0,207.925,0,5,4,2,2,4,5,5,1,5,1,5,5,5,5,1,3,3,2,4,2,1,,,T2,
7/28/2019 2:55,7/28/2019 3:49,0,23.127.73.136,100,3245,1,7/28/2019 3:49,R_1Ebu4x0pe7cidUm,,,,,30.24229431,-97.76719666,anonymous,EN,1,AK2C9AX5QJWUU,1,48,2,5,7,3,3,,,,,0,0,229.781,0,3,4,2,2,5,3,2,2,2,1,1,3,3,3,3,3,3,5,4,3,1,,,T2,
7/28/2019 3:33,7/28/2019 4:12,0,24.127.94.39,100,2319,1,7/28/2019 4:12,R_2qjWzuD7fmZh23R,,,,,42.64289856,-83.354599,anonymous,EN,1,AZNIEFUIVB2H0,1,51,1,5,8,1,5,20.253,20.253,1039.145,1,,,,,2,3,2,3,3,2,2,2,1,1,1,3,3,3,3,2,2,5,2,3,1,,,T1,
7/28/2019 3:57,7/28/2019 4:30,0,73.174.20.206,100,1982,1,7/28/2019 4:30,R_2c0oOlICb3KwgAZ,,,,,41.12600708,-78.75270081,anonymous,EN,1,AM2W23THD4CI7,1,54,2,5,7,3,4,,,,,,,,,2,5,2,5,4,3,2,3,2,2,5,4,3,5,1,5,5,2,5,5,1,,,C,
7/28/2019 3:24,7/28/2019 4:51,0,207.44.28.148,100,5250,1,7/28/2019 4:52,R_3PBtHWH6EuPQAc3,,,,,40.78900146,-76.55879974,anonymous,EN,1,A31XNLA9REVGXL,1,45,2,5,6,3,3,,,,,,,,,5,3,5,5,3,1,2,3,1,5,4,4,3,3,5,5,3,4,5,5,1,,Thank you,C,
7/28/2019 3:21,7/28/2019 5:07,0,199.241.120.84,100,6319,1,7/28/2019 5:07,R_3norFHnHxYz54Ey,,,,,36.10079956,-115.1364975,anonymous,EN,1,A3R79CYQ817AV3,1,37,2,5,7,4,5,22.934,174.136,272.778,14,,,,,3,2,2,5,4,2,3,3,1,2,2,4,4,3,3,4,2,3,4,4,1,,Thanks for the eye-opening tutorial/game. Just wondering if this is the type of training journalists actually receive or if it is an evolving phenomenon that you're helping us to learn about and how to deal with. Thanks again. g21ia@yahoo.com,T1,
7/28/2019 3:38,7/28/2019 5:08,0,65.4.152.6,100,5441,1,7/28/2019 5:08,R_1cZIN8mB17bNXyr,,,,,25.65890503,-80.3553009,anonymous,EN,1,A21SF3IKIZB0VN,1,73,2,5,9,3,2,,,,,,,,,5,5,3,3,4,2,2,2,1,2,1,4,4,4,3,4,3,5,5,4,1,,,C,
7/26/2019 21:43,7/28/2019 5:21,0,122.174.244.243,100,113916,1,7/28/2019 5:21,R_3Rxc0TLxCOhFpuI,,,,,13.08459473,80.24841309,anonymous,EN,1,AJ60KRY0FTB1F,1,1986,1,2,6,4,1,3.852,3.852,206.24,1,,,,,4,1,3,3,1,3,4,2,4,3,2,3,1,3,3,3,1,5,2,2,1,,,T1,
7/28/2019 3:44,7/28/2019 5:22,0,67.245.212.31,100,5873,1,7/28/2019 5:22,R_9zgkkTSrLHvVgNX,,,,,41.56440735,-74.43039703,anonymous,EN,1,A147F5PJTHOB8A,1,42,1,5,5,4,5,,,,,0,0,248.635,0,5,4,2,2,3,2,3,3,1,1,5,3,3,3,1,3,4,5,3,3,1,,,T2,
7/28/2019 4:56,7/28/2019 5:24,0,65.60.158.37,100,1671,1,7/28/2019 5:24,R_1Gv8Xl7aTMk2jLO,,,,,39.94520569,-82.97380066,anonymous,EN,1,A37QFZ8I1TGH2C,1,66,2,5,6,1,2,,,,,0,0,210.883,0,2,2,4,3,5,1,2,2,1,1,1,3,3,4,1,4,2,4,4,5,1,,,T2,
7/28/2019 4:58,7/28/2019 5:25,0,216.164.112.118,100,1623,1,7/28/2019 5:25,R_3rMOuLjX4x3QnVF,,,,,40.69979858,-75.48739624,anonymous,EN,1,A31Z5TPD8QKE26,1,35,1,5,6,2,2,,,,,,,,,5,4,3,3,4,2,2,2,1,1,1,4,3,4,3,4,3,5,4,5,1,,,C,
7/28/2019 5:01,7/28/2019 5:44,0,174.49.176.39,100,2597,1,7/28/2019 5:44,R_2EAG1rSm6AMHkyE,,,,,40.3473053,-75.93049622,anonymous,EN,1,ANVXAMUEBGV8N,1,56,2,5,7,2,4,,,,,5.044,5.044,217.847,1,3,2,2,3,4,2,2,2,1,1,1,4,5,3,1,3,3,2,2,3,1,,,T2,
7/28/2019 5:22,7/28/2019 5:46,0,24.59.5.2,100,1452,1,7/28/2019 5:46,R_3KW8oIcaHYyQUwc,,,,,43.00639343,-75.04840088,anonymous,EN,1,A3TK9CLBA65ZZE,1,67,2,5,6,3,2,,,,,,,,,5,5,3,3,4,2,4,2,1,1,1,4,3,4,5,3,4,5,3,5,1,,,C,
7/28/2019 5:32,7/28/2019 6:20,0,174.252.201.238,100,2863,1,7/28/2019 6:20,R_1GVK6Zzzu5RyTfl,,,,,39.95869446,-82.998703,anonymous,EN,1,A2EOOF9D135HQ1,1,43,1,5,7,3,1,,,,,0,0,232.11,0,2,5,4,3,3,2,2,2,2,1,3,5,3,5,3,3,4,5,4,5,1,,,T2,
7/28/2019 5:35,7/28/2019 6:31,0,73.125.88.167,100,3350,1,7/28/2019 6:31,R_6tHPBbx36Gyu6T7,,,,,26.23100281,-80.12200165,anonymous,EN,1,A38ZGWB47QTEY6,1,69,2,5,6,1,5,12.803,12.803,2092.48,1,,,,,5,2,2,5,5,2,3,3,1,2,1,5,5,5,1,5,2,2,4,2,1,,,T1,
7/28/2019 5:04,7/28/2019 6:36,0,67.185.248.238,100,5495,1,7/28/2019 6:36,R_2dAVj9GyMhV3Ru5,,,,,47.61700439,-117.3610001,anonymous,EN,1,A0623383IMO25HCSBET7,1,44,1,5,6,1,4,18.154,18.154,1442.347,1,,,,,2,3,4,5,4,2,4,2,5,1,1,3,4,5,5,4,2,5,4,3,1,,,T1,
7/26/2019 11:27,7/28/2019 7:00,0,174.60.204.226,100,156819,1,7/28/2019 7:00,R_3pg8LFllQA5RRbl,,,,,40.27819824,-76.70939636,anonymous,EN,1,A110KENBXU7SUJ,1,47,1,5,5,2,4,,,,,,,,,2,3,2,3,2,2,3,3,5,1,2,2,5,5,3,3,3,5,5,4,1,,,C,
7/28/2019 5:44,7/28/2019 7:13,0,117.204.151.211,100,5342,1,7/28/2019 7:13,R_2yqRbFzsucGnkSg,,,,,23.02580261,72.58729553,anonymous,EN,1,A13XXMDHOULEZ7,1,42,2,2,7,5,4,8.277,8.277,1496.242,1,,,,,5,4,2,5,4,1,3,3,2,2,2,4,5,3,5,3,5,3,4,3,1,,The screenshot here will help you verify that I completed the game too: https://prnt.sc/ol38df,T1,
7/28/2019 6:41,7/28/2019 7:19,0,68.34.117.58,100,2272,1,7/28/2019 7:19,R_1eG1rjowQQpc9Lu,,,,,43.2328949,-86.18849945,anonymous,EN,1,A2IU5TX5S0FA1C,1,66,2,5,6,3,4,,,,,,,,,2,3,3,3,3,3,2,2,1,1,1,3,3,5,3,3,3,3,4,3,1,,,C,
7/28/2019 6:24,7/28/2019 7:35,0,70.118.246.32,100,4280,1,7/28/2019 7:35,R_qObiNJyYQp6v2p3,,,,,39.03509521,-94.54669952,anonymous,EN,1,A2UF2FRGVW4T89,1,46,1,3,7,2,5,,,,,0,0,216.174,0,2,4,3,2,2,1,3,2,1,1,1,5,2,4,4,3,2,5,4,5,1,,,T2,
7/28/2019 6:52,7/28/2019 7:36,0,76.205.164.120,100,2677,1,7/28/2019 7:36,R_1nMVxN6uxJpSa8D,,,,,29.03250122,-95.40260315,anonymous,EN,1,AW0K78T4I2T72,1,72,2,5,8,2,4,,,,,0,0,207.673,0,2,3,2,2,3,2,2,2,2,1,2,5,2,5,5,3,5,2,5,2,1,,none,T2,
7/28/2019 6:58,7/28/2019 7:39,0,174.16.85.27,100,2445,1,7/28/2019 7:39,R_zZsm3oAISbeEzkZ,,,,,39.84010315,-105.0027008,anonymous,EN,1,A27HVVLSZZ13XK,1,48,1,5,6,1,5,19.814,19.814,1150.725,1,,,,,5,3,2,3,3,2,2,2,1,1,3,4,3,4,5,3,3,5,5,3,1,,,T1,
7/28/2019 7:13,7/28/2019 7:42,0,98.110.185.95,100,1759,1,7/28/2019 7:42,R_xufS90T6TQM7d8R,,,,,42.57809448,-71.80500031,anonymous,EN,1,A2MQ6VUSKCQ9FH,1,36,1,5,7,3,5,,,,,0,0,208.183,0,5,3,2,2,3,2,3,3,1,1,1,4,2,2,1,2,2,5,5,4,1,,,T2,
7/28/2019 7:04,7/28/2019 7:45,0,68.231.137.92,100,2497,1,7/28/2019 7:45,R_1DoG4tQy8GBikIu,,,,,33.53390503,-112.1722031,anonymous,EN,1,APJJ1HHD2GGFS,1,37,2,5,5,3,5,,,,,,,,,2,2,2,2,3,2,2,2,1,2,2,5,2,5,5,2,1,1,5,3,1,, Gravey,C,
7/28/2019 6:36,7/28/2019 7:49,0,67.245.12.9,100,4373,1,7/28/2019 7:49,R_2YGnsVVP4f69EfV,,,,,40.66430664,-73.9763031,anonymous,EN,1,A3SKEW89V5S0DI,1,48,1,5,7,1,4,4.962,4.962,638.305,1,,,,,2,3,2,3,3,2,2,2,1,1,1,4,4,3,3,3,3,5,4,3,1,,,T1,
7/28/2019 7:32,7/28/2019 7:50,0,99.21.65.32,100,1084,1,7/28/2019 7:50,R_1g0IlwLz30Uj6Tc,,,,,37.5625,-122.0003967,anonymous,EN,1,A1CHC8M7CWC254,1,27,1,2,7,5,4,,,,,,,,,1,2,4,3,2,2,1,4,1,5,2,3,5,1,5,5,2,5,2,5,1,,serbandit1@gmail.com,C,
7/28/2019 7:33,7/28/2019 7:58,0,174.57.249.237,100,1481,1,7/28/2019 7:58,R_2YzDPLcAccXUD5y,,,,,40.70530701,-74.08660126,anonymous,EN,1,A27BUT19WQ6P1O,1,34,1,2,7,3,4,17.537,17.537,876.033,1,,,,,5,2,3,5,3,2,1,2,1,2,1,4,5,3,3,5,2,2,4,2,1,,,T1,
7/28/2019 7:32,7/28/2019 7:58,0,223.228.188.222,100,1585,1,7/28/2019 7:58,R_3O1CzzBRB6vLRSc,,,,,13.08459473,80.24841309,anonymous,EN,1,A1MYBMOZH043LK,1,33,1,2,7,2,3,,,,,,,,,5,4,2,2,2,3,2,1,2,2,1,1,3,3,2,5,3,5,4,3,1,,,C,
7/28/2019 7:24,7/28/2019 8:09,0,47.39.188.126,100,2672,1,7/28/2019 8:09,R_3iPd5Awj3D1RMyR,,,,,34.03889465,-84.38259888,anonymous,EN,1,A1BAEFJ2OG7NJ0,1,58,2,5,6,2,5,,,,,46.364,46.364,232.062,1,5,3,3,5,3,5,2,2,1,1,2,5,5,3,3,3,3,2,4,3,1,,,T2,
7/28/2019 8:18,7/28/2019 8:48,0,69.125.65.103,100,1776,1,7/28/2019 8:48,R_12JTllBRSu1pLfY,,,,,40.86230469,-74.07559967,anonymous,EN,1,A175PJR0W3LO8I,1,36,1,2,8,3,4,,,,,0,0,207.188,0,1,3,1,5,4,1,3,1,2,1,1,4,3,5,3,4,4,5,3,5,1,,,T2,
7/28/2019 7:46,7/28/2019 8:57,0,192.203.201.3,100,4225,1,7/28/2019 8:57,R_1LnjZCVVOivwqYU,,,,,44.95120239,-93.09020233,anonymous,EN,1,AKX5RHHO8BIUX,1,58,1,5,7,3,3,2.226,2.226,2129.945,1,,,,,3,3,3,4,2,2,2,2,1,1,1,3,4,4,4,4,3,5,4,3,1,,,T1,
